Scene Name,Image Filename,Position X,Position Y,Position Z,Rotation W,Rotation X,Rotation Y,Rotation Z
scene-0061,samples/CAM_FRONT/n015-2018-07-24-11-22-45+0800__CAM_FRONT__1532402927612460.jpg,411.4199861830012,1181.197175631848,0.0,0.5720063498929273,-0.0021434844534272707,0.011564094980151613,-0.8201648693182716
scene-0061,samples/CAM_FRONT/n015-2018-07-24-11-22-45+0800__CAM_FRONT__1532402928112460.jpg,409.8506686425138,1176.9702106041582,0.0,0.5742377826385253,-0.0018667925555496464,0.014165885989800115,-0.8185638715152707
scene-0061,samples/CAM_FRONT/n015-2018-07-24-11-22-45+0800__CAM_FRONT__1532402928662460.jpg,408.2105568055955,1172.4467000474276,0.0,0.5771649372725738,-0.0026354805918850518,0.01230141162033981,-0.8165306881540596
scene-0061,samples/CAM_FRONT/n015-2018-07-24-11-22-45+0800__CAM_FRONT__1532402929162460.jpg,406.82010326977235,1168.4824299658203,0.0,0.5816167976435062,0.0006837671833723686,0.012321349637097086,-0.8133692995832046
scene-0061,samples/CAM_FRONT/n015-2018-07-24-11-22-45+0800__CAM_FRONT__1532402929662460.jpg,405.503498188272,1164.6313409255833,0.0,0.5834098452144046,-0.0005906714575918573,0.011375886341344595,-0.8120980192218682
scene-0061,samples/CAM_FRONT/n015-2018-07-24-11-22-45+0800__CAM_FRONT__1532402930112460.jpg,404.3748127067429,1161.3378286421344,0.0,0.5859061687572851,0.00046748170180213036,0.01238901832158085,-0.8102840582771244
scene-0061,samples/CAM_FRONT/n015-2018-07-24-11-22-45+0800__CAM_FRONT__1532402930612460.jpg,403.1988498474467,1157.77593223579,0.0,0.5890876387281889,-0.0024906192814407656,0.012167132100230781,-0.8079737072514779
scene-0061,samples/CAM_FRONT/n015-2018-07-24-11-22-45+0800__CAM_FRONT__1532402931162460.jpg,401.9623678165782,1153.9716822989446,0.0,0.5912623268935177,-0.002127333900980656,0.01535585800114398,-0.8063302877059655
scene-0061,samples/CAM_FRONT/n015-2018-07-24-11-22-45+0800__CAM_FRONT__1532402931662460.jpg,400.91225465937436,1150.6310608922158,0.0,0.5949237749563909,-0.0024198112760513207,0.012304211823636665,-0.8036842992596194
scene-0061,samples/CAM_FRONT/n015-2018-07-24-11-22-45+0800__CAM_FRONT__1532402932162460.jpg,399.9114613983376,1147.4009352172345,0.0,0.5979620406952102,-0.0007870339868279778,0.01053922256831948,-0.801454741861809
scene-0061,samples/CAM_FRONT/n015-2018-07-24-11-22-45+0800__CAM_FRONT__1532402932612460.jpg,399.0821159176494,1144.61525027191,0.0,0.6021369420782128,-0.0007672518710472424,0.0098126435930323,-0.7983321528881204
scene-0061,samples/CAM_FRONT/n015-2018-07-24-11-22-45+0800__CAM_FRONT__1532402933112460.jpg,398.2230949702979,1141.5767315595801,0.0,0.6109634851504295,0.0011945556293986594,0.012618124361808276,-0.7915573104881787
scene-0061,samples/CAM_FRONT/n015-2018-07-24-11-22-45+0800__CAM_FRONT__1532402933612460.jpg,397.49126195029805,1138.661434073826,0.0,0.6252904106557082,-0.003615557156059475,0.015918566113615588,-0.7802213976438701
scene-0061,samples/CAM_FRONT/n015-2018-07-24-11-22-45+0800__CAM_FRONT__1532402934112460.jpg,396.9171779170766,1135.8397914265825,0.0,0.6432606933260893,-0.005540319915798836,0.02305940399489177,-0.7652798502275291
scene-0061,samples/CAM_FRONT/n015-2018-07-24-11-22-45+0800__CAM_FRONT__1532402934662484.jpg,396.4642095394243,1132.8075461329563,0.0,0.6696691644754444,-0.012878963922322989,0.01602749181974271,-0.7423748796565086
scene-0061,samples/CAM_FRONT/n015-2018-07-24-11-22-45+0800__CAM_FRONT__1532402935162463.jpg,396.289693205673,1130.2346136078652,0.0,0.7014657530110366,-0.011371008429598104,0.014357933473791898,-0.7124677868271068
scene-0061,samples/CAM_FRONT/n015-2018-07-24-11-22-45+0800__CAM_FRONT__1532402935662460.jpg,396.358314030479,1127.7473236846288,0.0,0.7344936397798364,-0.014392122315190579,0.013631947557386215,-0.6783259761678195
scene-0061,samples/CAM_FRONT/n015-2018-07-24-11-22-45+0800__CAM_FRONT__1532402936162460.jpg,396.6524316204361,1125.4202076826264,0.0,0.7660992422249492,-0.013660595025791832,0.011514766233816382,-0.6424739289375723
scene-0061,samples/CAM_FRONT/n015-2018-07-24-11-22-45+0800__CAM_FRONT__1532402936662460.jpg,397.14275343508797,1123.2152646537227,0.0,0.7960751062822253,-0.013161686142605702,0.010956082265749944,-0.6049555020305325
scene-0061,samples/CAM_FRONT/n015-2018-07-24-11-22-45+0800__CAM_FRONT__1532402937162460.jpg,397.80450454127663,1121.2213187711773,0.0,0.8249827332950164,-0.016496138829538248,0.012130498640133755,-0.5647868785405181
scene-0061,samples/CAM_FRONT/n015-2018-07-24-11-22-45+0800__CAM_FRONT__1532402937662460.jpg,398.6897750668075,1119.2628933692704,0.0,0.854578042803818,-0.017705058447158726,0.010625386818204168,-0.5189123247890167
scene-0061,samples/CAM_FRONT/n015-2018-07-24-11-22-45+0800__CAM_FRONT__1532402938162460.jpg,399.82087911534137,1117.3393495181265,0.0,0.8825903506111933,-0.022708221908499734,0.013471493806690372,-0.4694008186192066
scene-0061,samples/CAM_FRONT/n015-2018-07-24-11-22-45+0800__CAM_FRONT__1532402938612460.jpg,400.9715930768986,1115.7925161749972,0.0,0.9046650552918013,-0.022808555977095902,0.010832766719900022,-0.42537460981270836
scene-0061,samples/CAM_FRONT/n015-2018-07-24-11-22-45+0800__CAM_FRONT__1532402939112460.jpg,402.371608251833,1114.2511256431355,0.0,0.9246747835140112,-0.0254774132342254,0.01066642707293472,-0.37975475438986545
scene-0061,samples/CAM_FRONT/n015-2018-07-24-11-22-45+0800__CAM_FRONT__1532402939662460.jpg,404.00898247381883,1112.7620503105527,0.0,0.9421401967412303,-0.026302976723357862,0.011385341717025849,-0.3339915823697845
scene-0061,samples/CAM_FRONT/n015-2018-07-24-11-22-45+0800__CAM_FRONT__1532402940162460.jpg,405.49180331283605,1111.6306715859482,0.0,0.9537995082084341,-0.03107903461608443,0.010278165284580327,-0.2986552378028284
scene-0061,samples/CAM_FRONT/n015-2018-07-24-11-22-45+0800__CAM_FRONT__1532402940762460.jpg,407.144041003324,1110.5510398370516,0.0,0.9631539377615163,-0.029806306477033796,0.008533032796658235,-0.2671577504396472
scene-0061,samples/CAM_FRONT/n015-2018-07-24-11-22-45+0800__CAM_FRONT__1532402941262460.jpg,408.4424465629579,1109.8015511995216,0.0,0.968802634246257,-0.027919263475941886,0.007392832036506764,-0.24614490983758586
scene-0061,samples/CAM_FRONT/n015-2018-07-24-11-22-45+0800__CAM_FRONT__1532402941762460.jpg,409.65657476542015,1109.1628783599588,0.0,0.9731598721346946,-0.02736682374210036,0.006542464635325063,-0.22840340711458174
scene-0061,samples/CAM_FRONT/n015-2018-07-24-11-22-45+0800__CAM_FRONT__1532402942162460.jpg,410.5889113332492,1108.7088282064824,0.0,0.9750748293581084,-0.02671237824433385,0.006572498278656013,-0.22016432105853267
scene-0061,samples/CAM_FRONT/n015-2018-07-24-11-22-45+0800__CAM_FRONT__1532402942662460.jpg,411.70451698579666,1108.1777255553038,0.0,0.9759325380925309,-0.024170937638063286,0.006519937659191209,-0.21663087794422883
scene-0061,samples/CAM_FRONT/n015-2018-07-24-11-22-45+0800__CAM_FRONT__1532402943162460.jpg,412.7746694070084,1107.6750390042769,0.0,0.9762181985729961,-0.02283772353500119,0.009342562978413595,-0.2153814840593939
scene-0061,samples/CAM_FRONT/n015-2018-07-24-11-22-45+0800__CAM_FRONT__1532402943662460.jpg,413.82775092277757,1107.183546895216,0.0,0.9763831102276306,-0.02094711201604807,0.013463880549501529,-0.21460653410591837
scene-0061,samples/CAM_FRONT/n015-2018-07-24-11-22-45+0800__CAM_FRONT__1532402944162460.jpg,414.89274223978197,1106.6855669584531,0.0,0.9763954900987916,-0.022660930862022196,0.012908124304456136,-0.21441014307664552
scene-0061,samples/CAM_FRONT/n015-2018-07-24-11-22-45+0800__CAM_FRONT__1532402944662460.jpg,415.90899126782267,1106.216676740289,0.0,0.977229972325762,-0.022731628191020724,0.012661700057417357,-0.2105814227790074
scene-0061,samples/CAM_FRONT/n015-2018-07-24-11-22-45+0800__CAM_FRONT__1532402945162460.jpg,416.9424436145397,1105.7557478978404,0.0,0.9799210080012282,-0.021989867248621994,0.013165722889954115,-0.19773195886611455
scene-0061,samples/CAM_FRONT/n015-2018-07-24-11-22-45+0800__CAM_FRONT__1532402945662460.jpg,418.0833087997483,1105.3011395988515,0.0,0.984456708910323,-0.0229057782227076,0.010368886117900135,-0.17381829537232854
scene-0061,samples/CAM_FRONT/n015-2018-07-24-11-22-45+0800__CAM_FRONT__1532402946262460.jpg,419.4517462894877,1104.8526837383074,0.0,0.9900446816871487,-0.024613543284239047,0.007963697541330512,-0.13835563332028628
scene-0061,samples/CAM_FRONT/n015-2018-07-24-11-22-45+0800__CAM_FRONT__1532402946762460.jpg,420.4590293834166,1104.5986398835635,0.0,0.9941390957081762,-0.019363078641456956,0.004746036881063115,-0.1062544338085599
scene-0103,samples/CAM_FRONT/n008-2018-08-01-15-16-36-0400__CAM_FRONT__1533151603512404.jpg,599.849775495386,1647.6411294309523,0.0,-0.9687876119182126,-0.004506968075376869,-0.00792272203393983,0.24772460658591755
scene-0103,samples/CAM_FRONT/n008-2018-08-01-15-16-36-0400__CAM_FRONT__1533151604012404.jpg,603.5686081532947,1645.5364009309958,0.0,-0.9665742503886544,-0.003435376240753986,-0.008172037010679204,0.25623355456846647
scene-0103,samples/CAM_FRONT/n008-2018-08-01-15-16-36-0400__CAM_FRONT__1533151604512404.jpg,607.1937161040605,1643.3740735728568,0.0,-0.9630016126779171,-0.007293922623181031,-0.0063732714955848846,0.2693215069075283
scene-0103,samples/CAM_FRONT/n008-2018-08-01-15-16-36-0400__CAM_FRONT__1533151605012404.jpg,610.7307028936705,1641.14262811905,0.0,-0.9589732066270943,-0.008681510671753835,-0.013608059495826637,0.2830368192666146
scene-0103,samples/CAM_FRONT/n008-2018-08-01-15-16-36-0400__CAM_FRONT__1533151605512404.jpg,614.1999604910318,1638.8216910726615,0.0,-0.9549288393514963,-0.00943297018381591,-0.02008887268528046,0.2960040000448481
scene-0103,samples/CAM_FRONT/n008-2018-08-01-15-16-36-0400__CAM_FRONT__1533151606012404.jpg,617.6835285659299,1636.3439754372293,0.0,-0.9512239009109867,-0.008119055817119428,-0.026927209331993253,0.3072166933386186
scene-0103,samples/CAM_FRONT/n008-2018-08-01-15-16-36-0400__CAM_FRONT__1533151606512404.jpg,621.1555430057133,1633.7253268894642,0.0,-0.9465230728353042,-0.011461408697558895,-0.01558141437554748,0.32205578434044424
scene-0103,samples/CAM_FRONT/n008-2018-08-01-15-16-36-0400__CAM_FRONT__1533151607012404.jpg,624.6474690041443,1630.9464876511656,0.0,-0.9431672035427067,-0.010958413508075845,-0.010590543732930108,0.33196894390629006
scene-0103,samples/CAM_FRONT/n008-2018-08-01-15-16-36-0400__CAM_FRONT__1533151607512404.jpg,628.0910417829991,1628.080526018567,0.0,-0.9409432939537495,-0.0020839472345734094,-0.0023299020783549354,0.33854976928613684
scene-0103,samples/CAM_FRONT/n008-2018-08-01-15-16-36-0400__CAM_FRONT__1533151608012404.jpg,631.5264252466604,1625.179661478261,0.0,-0.9401876561611837,0.002165612840875655,-0.001020908817966706,0.34064855653348847
scene-0103,samples/CAM_FRONT/n008-2018-08-01-15-16-36-0400__CAM_FRONT__1533151608512404.jpg,634.881503482864,1622.3184138265988,0.0,-0.9407097537828495,-0.002605533780326055,-0.0041788024981424055,0.33917680926208965
scene-0103,samples/CAM_FRONT/n008-2018-08-01-15-16-36-0400__CAM_FRONT__1533151609012404.jpg,637.8888836006734,1619.774862663559,0.0,-0.9409037575214684,-0.008305564152450907,-0.00807613779945247,0.3384758672111428
scene-0103,samples/CAM_FRONT/n008-2018-08-01-15-16-36-0400__CAM_FRONT__1533151609512404.jpg,640.4212008594247,1617.6347623272095,0.0,-0.9406069975127253,-0.0061461669813677525,-0.005936111388190772,0.3393898399232372
scene-0103,samples/CAM_FRONT/n008-2018-08-01-15-16-36-0400__CAM_FRONT__1533151609912404.jpg,642.0459506112852,1616.2543937872708,0.0,-0.9403210319763432,-0.005941690363275185,-0.005275132329105388,0.34019586434505994
scene-0103,samples/CAM_FRONT/n008-2018-08-01-15-16-36-0400__CAM_FRONT__1533151610412404.jpg,643.6277724141914,1614.9164274990083,0.0,-0.940361007898814,-0.00800159403135861,-0.004475568841697859,0.34005458179537434
scene-0103,samples/CAM_FRONT/n008-2018-08-01-15-16-36-0400__CAM_FRONT__1533151610912404.jpg,644.7443068232269,1613.9696139531259,0.0,-0.9404543092005435,-0.007019539525784537,-0.002581350488721723,0.3398378363287836
scene-0103,samples/CAM_FRONT/n008-2018-08-01-15-16-36-0400__CAM_FRONT__1533151611412404.jpg,645.4603644280983,1613.3602552538446,0.0,-0.9405336957593949,-0.0064060972922164216,0.0005243371566701693,0.3396395944662561
scene-0103,samples/CAM_FRONT/n008-2018-08-01-15-16-36-0400__CAM_FRONT__1533151611862404.jpg,646.0306095061912,1612.871966606263,0.0,-0.9404300333701766,-0.005820001775147631,0.001881140160379816,0.3399322597612687
scene-0103,samples/CAM_FRONT/n008-2018-08-01-15-16-36-0400__CAM_FRONT__1533151612362404.jpg,646.6673441944947,1612.324817292305,0.0,-0.9400928359119826,-0.005497454295062643,0.0023945637486865864,0.34086581513506725
scene-0103,samples/CAM_FRONT/n008-2018-08-01-15-16-36-0400__CAM_FRONT__1533151612862404.jpg,647.3615623621754,1611.7277058299865,0.0,-0.939731824877676,-0.005249600981188134,0.003609263879291716,0.34185305646704467
scene-0103,samples/CAM_FRONT/n008-2018-08-01-15-16-36-0400__CAM_FRONT__1533151613362404.jpg,648.1420382075617,1611.0569617760045,0.0,-0.9400727986269601,-0.006071785759432521,0.004363044454225509,0.3408918164791536
scene-0103,samples/CAM_FRONT/n008-2018-08-01-15-16-36-0400__CAM_FRONT__1533151613912404.jpg,649.1814152705383,1610.1756012015044,0.0,-0.9402916564125425,-0.006612414564522375,0.00521945493361677,0.3402655347589288
scene-0103,samples/CAM_FRONT/n008-2018-08-01-15-16-36-0400__CAM_FRONT__1533151614412404.jpg,650.2364577346191,1609.2817792653032,0.0,-0.9403333265842393,-0.008067865903387315,0.0065013782045039705,0.3400968634613159
scene-0103,samples/CAM_FRONT/n008-2018-08-01-15-16-36-0400__CAM_FRONT__1533151614912404.jpg,651.4991518568117,1608.211802390897,0.0,-0.9404071082078013,-0.010220697386007711,0.007048014119623843,0.3398239745429305
scene-0103,samples/CAM_FRONT/n008-2018-08-01-15-16-36-0400__CAM_FRONT__1533151615412404.jpg,652.9207477640366,1606.9998089890255,0.0,-0.9403979704753082,-0.010743025083455511,0.007877254135962377,0.33981493993827727
scene-0103,samples/CAM_FRONT/n008-2018-08-01-15-16-36-0400__CAM_FRONT__1533151615912404.jpg,654.5105911969977,1605.6484755864628,0.0,-0.9402072714264768,-0.011517261093529211,0.008494486345108762,0.34030204694567334
scene-0103,samples/CAM_FRONT/n008-2018-08-01-15-16-36-0400__CAM_FRONT__1533151616412404.jpg,656.2961531978233,1604.1278022294937,0.0,-0.9397929705037757,-0.010187571507847699,0.010056989939831845,0.3414443482206312
scene-0103,samples/CAM_FRONT/n008-2018-08-01-15-16-36-0400__CAM_FRONT__1533151616912404.jpg,658.2704553688468,1602.4403292174752,0.0,-0.9391765251421679,-0.01029552279733929,0.010999729450803944,0.3431041573403357
scene-0103,samples/CAM_FRONT/n008-2018-08-01-15-16-36-0400__CAM_FRONT__1533151617362404.jpg,660.1893355936998,1600.7954691423647,0.0,-0.9386083395970433,-0.008839235672594268,0.013507707081716846,0.3446067245440823
scene-0103,samples/CAM_FRONT/n008-2018-08-01-15-16-36-0400__CAM_FRONT__1533151617912404.jpg,662.6677609328817,1598.6520217942389,0.0,-0.9378305782049671,-0.005617548953312429,0.013322116873099152,0.34679211486063777
scene-0103,samples/CAM_FRONT/n008-2018-08-01-15-16-36-0400__CAM_FRONT__1533151618412404.jpg,665.0658353697465,1596.5496650795073,0.0,-0.9372493680476325,-0.0068296129241463555,0.009418840768744455,0.3484655849868004
scene-0103,samples/CAM_FRONT/n008-2018-08-01-15-16-36-0400__CAM_FRONT__1533151618912404.jpg,667.611356963459,1594.3005667444334,0.0,-0.9369165134654235,-0.004952819670155222,0.010074109333047877,0.3493729077851564
scene-0103,samples/CAM_FRONT/n008-2018-08-01-15-16-36-0400__CAM_FRONT__1533151619412404.jpg,670.2747727709332,1591.9736963515948,0.0,-0.9367812479114224,-0.005797310416379257,0.009498798470421134,0.3497385560401828
scene-0103,samples/CAM_FRONT/n008-2018-08-01-15-16-36-0400__CAM_FRONT__1533151619912458.jpg,673.0787882229602,1589.4908869796427,0.0,-0.9363902443279387,-0.006478761229768171,0.00747943205792174,0.35082102855513364
scene-0103,samples/CAM_FRONT/n008-2018-08-01-15-16-36-0400__CAM_FRONT__1533151620412404.jpg,675.9713671204354,1586.9015625851264,0.0,-0.9363795880030987,-0.005676676302044881,0.007145947122134589,0.3508703150125937
scene-0103,samples/CAM_FRONT/n008-2018-08-01-15-16-36-0400__CAM_FRONT__1533151621012404.jpg,679.5170758759045,1583.7574272009078,0.0,-0.9370237378212949,-0.007618341617010665,0.006673663088452512,0.349118801916192
scene-0103,samples/CAM_FRONT/n008-2018-08-01-15-16-36-0400__CAM_FRONT__1533151621412404.jpg,681.9408210532702,1581.6012920966823,0.0,-0.9371235033913506,-0.006433797684047187,0.005292832683032847,0.34889845451230056
scene-0103,samples/CAM_FRONT/n008-2018-08-01-15-16-36-0400__CAM_FRONT__1533151621912404.jpg,685.0154300509389,1578.9129512160794,0.0,-0.9374677765262428,-0.0015243445929287228,0.005713498953931799,0.3480218387949355
scene-0103,samples/CAM_FRONT/n008-2018-08-01-15-16-36-0400__CAM_FRONT__1533151622412404.jpg,688.1027362441553,1576.1876952175421,0.0,-0.9369300744853787,-0.009635545166808677,0.0052240820131411285,0.3493449595475526
scene-0103,samples/CAM_FRONT/n008-2018-08-01-15-16-36-0400__CAM_FRONT__1533151622912404.jpg,691.2303663937967,1573.4319424005596,0.0,-0.937699614192007,-0.004501881316027107,0.008179642347205241,0.34732155138984616
scene-0553,samples/CAM_FRONT/n008-2018-08-28-16-43-51-0400__CAM_FRONT__1535489296012404.jpg,1316.3781747922362,1038.5936689044743,0.0,0.3558688047342293,0.0017714923774391502,-0.008981920282153659,0.9344910811451506
scene-0553,samples/CAM_FRONT/n008-2018-08-28-16-43-51-0400__CAM_FRONT__1535489296512409.jpg,1316.3781897010738,1038.5936635920953,0.0,0.35586582248537313,0.001803515727294125,-0.008987276187100353,0.9344921040782352
scene-0553,samples/CAM_FRONT/n008-2018-08-28-16-43-51-0400__CAM_FRONT__1535489297012404.jpg,1316.3781889770562,1038.5936710918231,0.0,0.3558607055311173,0.0018282864632123428,-0.009028542937838266,0.9344936067410645
scene-0553,samples/CAM_FRONT/n008-2018-08-28-16-43-51-0400__CAM_FRONT__1535489297512404.jpg,1316.3781966271033,1038.5936701750866,0.0,0.35585437075458887,0.0018067808427071987,-0.009051455631298687,0.9344958392142771
scene-0553,samples/CAM_FRONT/n008-2018-08-28-16-43-51-0400__CAM_FRONT__1535489298012404.jpg,1316.3781860582494,1038.5936846600734,0.0,0.3559117035849551,0.0018339674136164537,-0.0091459004439991,0.9344730324197958
scene-0553,samples/CAM_FRONT/n008-2018-08-28-16-43-51-0400__CAM_FRONT__1535489298512404.jpg,1316.3781915061634,1038.5936841660741,0.0,0.35587362482593454,0.0018099900247807409,-0.009197981224069715,0.9344870701249763
scene-0553,samples/CAM_FRONT/n008-2018-08-28-16-43-51-0400__CAM_FRONT__1535489299012404.jpg,1316.3782016333198,1038.593678903337,0.0,0.3558778178382245,0.0019215888163155183,-0.009334954204844176,0.9344838922619897
scene-0553,samples/CAM_FRONT/n008-2018-08-28-16-43-51-0400__CAM_FRONT__1535489299512404.jpg,1316.3782010116308,1038.593682687937,0.0,0.35585470496050114,0.0021286931660139843,-0.009421805145242736,0.934491373534654
scene-0553,samples/CAM_FRONT/n008-2018-08-28-16-43-51-0400__CAM_FRONT__1535489300012404.jpg,1316.3782125802522,1038.593675162823,0.0,0.3558223752412391,0.0021139424334208046,-0.009418159608588682,0.9345037542967164
scene-0553,samples/CAM_FRONT/n008-2018-08-28-16-43-51-0400__CAM_FRONT__1535489300512404.jpg,1316.37821437947,1038.5936759486797,0.0,0.3558245681137018,0.002047183284104747,-0.009428957434922869,0.9345029590798464
scene-0553,samples/CAM_FRONT/n008-2018-08-28-16-43-51-0400__CAM_FRONT__1535489301012404.jpg,1316.3782133678117,1038.593678900594,0.0,0.35585584780994867,0.002037847703538476,-0.009403306487515781,0.9344913271846356
scene-0553,samples/CAM_FRONT/n008-2018-08-28-16-43-51-0400__CAM_FRONT__1535489301512404.jpg,1316.3782169382218,1038.5936774934992,0.0,0.3558136720431795,0.0018213379564799717,-0.00941095054487631,0.9345077568030343
scene-0553,samples/CAM_FRONT/n008-2018-08-28-16-43-51-0400__CAM_FRONT__1535489302012404.jpg,1316.3782080520539,1038.5936869271663,0.0,0.355882893293779,0.001770131576058554,-0.00937693964897024,0.9344818381851365
scene-0553,samples/CAM_FRONT/n008-2018-08-28-16-43-51-0400__CAM_FRONT__1535489302512404.jpg,1316.3782070162238,1038.5936891564056,0.0,0.35585574239403667,0.001787778574129748,-0.009414075632604225,0.9344917707679092
scene-0553,samples/CAM_FRONT/n008-2018-08-28-16-43-51-0400__CAM_FRONT__1535489303012421.jpg,1316.3782130493637,1038.5936849167576,0.0,0.3558472749253183,0.0019333987012923777,-0.009420236764693935,0.9344946431291001
scene-0553,samples/CAM_FRONT/n008-2018-08-28-16-43-51-0400__CAM_FRONT__1535489303412404.jpg,1316.3782188451255,1038.5936805312813,0.0,0.3558346413239299,0.0019384145096434484,-0.009392162571986636,0.9344997259845935
scene-0553,samples/CAM_FRONT/n008-2018-08-28-16-43-51-0400__CAM_FRONT__1535489303912404.jpg,1316.3782088931314,1038.593690263057,0.0,0.3558673307059877,0.001864132913848932,-0.009391884863111238,0.9344874319344231
scene-0553,samples/CAM_FRONT/n008-2018-08-28-16-43-51-0400__CAM_FRONT__1535489304412404.jpg,1316.378204057219,1038.5936953065718,0.0,0.3559004167161085,0.001806540371527953,-0.00938097303317751,0.9344750543155965
scene-0553,samples/CAM_FRONT/n008-2018-08-28-16-43-51-0400__CAM_FRONT__1535489304912404.jpg,1316.378211519341,1038.5936892985724,0.0,0.35585730637532964,0.0017530095799812065,-0.009366473922098249,0.9344917193977555
scene-0553,samples/CAM_FRONT/n008-2018-08-28-16-43-51-0400__CAM_FRONT__1535489305412404.jpg,1316.3782044354236,1038.5936961476962,0.0,0.3559143989841261,0.0017406126660966855,-0.009391964528183848,0.9344697436865554
scene-0553,samples/CAM_FRONT/n008-2018-08-28-16-43-51-0400__CAM_FRONT__1535489305912404.jpg,1316.378209649503,1038.5936919827172,0.0,0.35584960823020295,0.0016572747909855009,-0.00933982277767953,0.9344950922680972
scene-0553,samples/CAM_FRONT/n008-2018-08-28-16-43-51-0400__CAM_FRONT__1535489306412404.jpg,1316.3782133492691,1038.5936890927278,0.0,0.355859245800244,0.0016928504728127855,-0.009385154412579852,0.9344909043497482
scene-0553,samples/CAM_FRONT/n008-2018-08-28-16-43-51-0400__CAM_FRONT__1535489306912404.jpg,1316.3782198930903,1038.59368361437,0.0,0.35584371392949266,0.0016056597319154004,-0.00930286180934679,0.9344977955435994
scene-0553,samples/CAM_FRONT/n008-2018-08-28-16-43-51-0400__CAM_FRONT__1535489307412404.jpg,1316.3782173312618,1038.5936861959074,0.0,0.35585654460470756,0.001632496438933288,-0.009359641577449005,0.9344922962373292
scene-0553,samples/CAM_FRONT/n008-2018-08-28-16-43-51-0400__CAM_FRONT__1535489307912404.jpg,1316.3782180957503,1038.5936857628633,0.0,0.35583605024223136,0.0015624047212640614,-0.009374468249965705,0.9345000714737935
scene-0553,samples/CAM_FRONT/n008-2018-08-28-16-43-51-0400__CAM_FRONT__1535489308362404.jpg,1316.3782225798407,1038.5936819798028,0.0,0.35580089498963596,0.0016224020929351737,-0.00933958802716642,0.9345137040362255
scene-0553,samples/CAM_FRONT/n008-2018-08-28-16-43-51-0400__CAM_FRONT__1535489308862404.jpg,1316.378218732248,1038.5936856009566,0.0,0.35584119480547377,0.0016091368187987377,-0.00935754151488134,0.9344982028740925
scene-0553,samples/CAM_FRONT/n008-2018-08-28-16-43-51-0400__CAM_FRONT__1535489309362404.jpg,1316.3782113763305,1038.5936923165455,0.0,0.3558632821327434,0.0016653790956879253,-0.00935503908822597,0.9344897186089511
scene-0553,samples/CAM_FRONT/n008-2018-08-28-16-43-51-0400__CAM_FRONT__1535489309862404.jpg,1316.3782160777823,1038.5936882694941,0.0,0.3558374030961655,0.0017682326248171058,-0.009401034687736417,0.9344989226628149
scene-0553,samples/CAM_FRONT/n008-2018-08-28-16-43-51-0400__CAM_FRONT__1535489310362404.jpg,1316.3782206921871,1038.5936842907727,0.0,0.355840473776121,0.001904663546996718,-0.009433458576137844,0.9344971585504427
scene-0553,samples/CAM_FRONT/n008-2018-08-28-16-43-51-0400__CAM_FRONT__1535489310912404.jpg,1316.3782207145766,1038.5936843444401,0.0,0.35582809621697986,0.0019027574944900064,-0.009417162490655604,0.9345020398624829
scene-0553,samples/CAM_FRONT/n008-2018-08-28-16-43-51-0400__CAM_FRONT__1535489311362404.jpg,1316.3782272091541,1038.5936786828156,0.0,0.3557978236196972,0.0019533867201093212,-0.00942377154697081,0.9345133950445218
scene-0553,samples/CAM_FRONT/n008-2018-08-28-16-43-51-0400__CAM_FRONT__1535489311862404.jpg,1316.3782225872035,1038.5936828796243,0.0,0.3558306886063193,0.0020152500500368645,-0.009402602035204915,0.9345009635565692
scene-0553,samples/CAM_FRONT/n008-2018-08-28-16-43-51-0400__CAM_FRONT__1535489312362404.jpg,1316.3782221374397,1038.593683347829,0.0,0.3558234656284508,0.0020421718706596956,-0.009345935851124195,0.9345042238135021
scene-0553,samples/CAM_FRONT/n008-2018-08-28-16-43-51-0400__CAM_FRONT__1535489312862404.jpg,1316.378215845489,1038.5936890072198,0.0,0.3558599481290671,0.0019986238664003587,-0.00939493959953345,0.9344899346328667
scene-0553,samples/CAM_FRONT/n008-2018-08-28-16-43-51-0400__CAM_FRONT__1535489313362404.jpg,1316.3782159125874,1038.5936889931659,0.0,0.35582958831724326,0.0019767020945636875,-0.009437042102549673,0.9345011176896284
scene-0553,samples/CAM_FRONT/n008-2018-08-28-16-43-51-0400__CAM_FRONT__1535489313862404.jpg,1316.3782295950969,1038.5936768570828,0.0,0.3557822807700136,0.0019342989849370235,-0.009444809671594206,0.9345191398509668
scene-0553,samples/CAM_FRONT/n008-2018-08-28-16-43-51-0400__CAM_FRONT__1535489314362404.jpg,1316.3782385858156,1038.5936688886752,0.0,0.3557645943445664,0.0019869415999251693,-0.00954751341857717,0.9345247190210897
scene-0553,samples/CAM_FRONT/n008-2018-08-28-16-43-51-0400__CAM_FRONT__1535489314862404.jpg,1316.378234166694,1038.593672856273,0.0,0.355795056699849,0.001940900931416315,-0.009551817672085954,0.9345131744981904
scene-0553,samples/CAM_FRONT/n008-2018-08-28-16-43-51-0400__CAM_FRONT__1535489315412404.jpg,1316.378225967178,1038.5936801731687,0.0,0.3558076529878091,0.0019614879596776343,-0.00954265983699055,0.9345084292201579
scene-0553,samples/CAM_FRONT/n008-2018-08-28-16-43-51-0400__CAM_FRONT__1535489315912404.jpg,1316.37822742983,1038.593678906507,0.0,0.35581600819324305,0.0019851270995063616,-0.009512645319862031,0.9345055040837605
scene-0655,samples/CAM_FRONT/n008-2018-08-27-11-48-51-0400__CAM_FRONT__1535385092112404.jpg,1772.1437996767368,866.3028680604585,0.0,0.9998289065303745,-0.014506321955909566,0.0008505070625267849,0.011445563652516049
scene-0655,samples/CAM_FRONT/n008-2018-08-27-11-48-51-0400__CAM_FRONT__1535385092662404.jpg,1776.351032093458,866.3854524331172,0.0,0.99982517193779,-0.013959769784263963,-0.0020715238695730625,0.012266180171363194
scene-0655,samples/CAM_FRONT/n008-2018-08-27-11-48-51-0400__CAM_FRONT__1535385093162404.jpg,1780.429449234718,866.4531166641036,0.0,0.9997927946378542,-0.0161751144293296,-0.001973502588519828,0.012199948809764391
scene-0655,samples/CAM_FRONT/n008-2018-08-27-11-48-51-0400__CAM_FRONT__1535385093612404.jpg,1784.2442929938536,866.5243406436375,0.0,0.9998008783468135,-0.015296017310594722,-0.0004820552167658894,0.012806370841981052
scene-0655,samples/CAM_FRONT/n008-2018-08-27-11-48-51-0400__CAM_FRONT__1535385094112404.jpg,1788.5439721824569,866.5991265791196,0.0,-0.9997863706375858,0.015182878262750577,-0.0012204746378918642,-0.01397153308127288
scene-0655,samples/CAM_FRONT/n008-2018-08-27-11-48-51-0400__CAM_FRONT__1535385094512404.jpg,1791.9683900093792,866.6724788008883,0.0,-0.9997508664841847,0.01573872029050484,-0.0008908051066581379,-0.01580202879383471
scene-0655,samples/CAM_FRONT/n008-2018-08-27-11-48-51-0400__CAM_FRONT__1535385094912404.jpg,1795.3782428501654,866.7573184807745,0.0,-0.9997485077494396,0.014693885448157648,0.0007881138775546948,-0.01692305704421982
scene-0655,samples/CAM_FRONT/n008-2018-08-27-11-48-51-0400__CAM_FRONT__1535385095412404.jpg,1799.7261173560676,866.8585392313402,0.0,-0.9997733331021448,0.01098265484379736,0.0018942930556090042,-0.018140434510491483
scene-0655,samples/CAM_FRONT/n008-2018-08-27-11-48-51-0400__CAM_FRONT__1535385095912404.jpg,1803.9385451033143,866.9701244662324,0.0,-0.9997315390847903,0.011541487475642447,0.001062683967362196,-0.020062764734492512
scene-0655,samples/CAM_FRONT/n008-2018-08-27-11-48-51-0400__CAM_FRONT__1535385096362404.jpg,1807.6673865890677,867.0880576246707,0.0,-0.9997076034551153,0.01120108013292084,0.0005785256396073617,-0.021422154559462933
scene-0655,samples/CAM_FRONT/n008-2018-08-27-11-48-51-0400__CAM_FRONT__1535385096862404.jpg,1811.9222788765574,867.2412979416993,0.0,-0.9996173001917075,0.01434117908081407,2.6848331326062558e-05,-0.02365550716389243
scene-0655,samples/CAM_FRONT/n008-2018-08-27-11-48-51-0400__CAM_FRONT__1535385097362404.jpg,1816.2425380726763,867.4268340579184,0.0,-0.9995833898506608,0.014298170767575365,-0.003549451732042124,-0.024819557606154077
scene-0655,samples/CAM_FRONT/n008-2018-08-27-11-48-51-0400__CAM_FRONT__1535385097862411.jpg,1820.4924841951938,867.5952092663863,0.0,-0.999715701048097,0.00963420154537682,-0.0025728572147937917,-0.021658246564470338
scene-0655,samples/CAM_FRONT/n008-2018-08-27-11-48-51-0400__CAM_FRONT__1535385098362404.jpg,1824.7475715231412,867.7137395897439,0.0,-0.9998130467482285,0.006929620675437225,-0.005106408975551404,-0.01731405488884763
scene-0655,samples/CAM_FRONT/n008-2018-08-27-11-48-51-0400__CAM_FRONT__1535385098862404.jpg,1828.927473400526,867.7924000327074,0.0,-0.999887887277983,0.006690380063596308,-0.004266878971914117,-0.01269824528096971
scene-0655,samples/CAM_FRONT/n008-2018-08-27-11-48-51-0400__CAM_FRONT__1535385099362404.jpg,1832.9224326394024,867.843847179607,0.0,0.9999571942439627,-0.003361447659526151,0.002534341649759461,0.008239384793565473
scene-0655,samples/CAM_FRONT/n008-2018-08-27-11-48-51-0400__CAM_FRONT__1535385099862404.jpg,1836.889781243357,867.8579245391028,0.0,0.999941831917163,-0.00848144741831095,-0.003932540290047161,0.005378936577665424
scene-0655,samples/CAM_FRONT/n008-2018-08-27-11-48-51-0400__CAM_FRONT__1535385100362404.jpg,1840.9915798475881,867.8896223784674,0.0,0.9999045098775667,-0.012262505023242642,0.002175129373915699,0.005989232777566094
scene-0655,samples/CAM_FRONT/n008-2018-08-27-11-48-51-0400__CAM_FRONT__1535385100862404.jpg,1845.2201690451107,867.9176341655347,0.0,0.999923679054503,-0.010802986385959298,-0.001108249837016386,0.005890953534998102
scene-0655,samples/CAM_FRONT/n008-2018-08-27-11-48-51-0400__CAM_FRONT__1535385101362404.jpg,1849.619028374911,867.9344204149394,0.0,0.9999217417256714,-0.010471405520456474,-0.00026758917532171357,0.0068402110171534745
scene-0655,samples/CAM_FRONT/n008-2018-08-27-11-48-51-0400__CAM_FRONT__1535385101912404.jpg,1854.2442105764394,867.9879512627846,0.0,-0.9998218700297072,0.012044307392178539,-0.005020307087945461,-0.0136366926519634
scene-0655,samples/CAM_FRONT/n008-2018-08-27-11-48-51-0400__CAM_FRONT__1535385102412404.jpg,1857.8994796351385,868.0895518327005,0.0,-0.999733374176789,0.01218861529887412,-0.001194880377096311,-0.0195752515966712
scene-0655,samples/CAM_FRONT/n008-2018-08-27-11-48-51-0400__CAM_FRONT__1535385102912404.jpg,1861.148769932358,868.2017687209838,0.0,-0.9996213517313338,0.010286673517187558,-0.006386659769135049,-0.024709271291664718
scene-0655,samples/CAM_FRONT/n008-2018-08-27-11-48-51-0400__CAM_FRONT__1535385103412404.jpg,1864.2477460147652,868.3452110908986,0.0,-0.9994928638674034,0.013173037643759482,0.0006056611970000718,-0.028984812089897408
scene-0655,samples/CAM_FRONT/n008-2018-08-27-11-48-51-0400__CAM_FRONT__1535385103912404.jpg,1867.441717147292,868.5243480546869,0.0,-0.999363720627414,0.01543232756840133,0.008085292055541708,-0.0311227442866209
scene-0655,samples/CAM_FRONT/n008-2018-08-27-11-48-51-0400__CAM_FRONT__1535385104412404.jpg,1870.8266455548223,868.7011759999799,0.0,-0.999517124649604,0.015266846347667583,-0.0001080219122445709,-0.02706343041913803
scene-0655,samples/CAM_FRONT/n008-2018-08-27-11-48-51-0400__CAM_FRONT__1535385104912404.jpg,1874.611893103846,868.8690971439553,0.0,-0.9995466537665114,0.02065995429982128,0.003707758383381117,-0.021584850248950172
scene-0655,samples/CAM_FRONT/n008-2018-08-27-11-48-51-0400__CAM_FRONT__1535385105412404.jpg,1878.65114990529,869.0044444263212,0.0,-0.9996634777869963,0.021649639360505287,0.0018347894196582295,-0.01417243247129134
scene-0655,samples/CAM_FRONT/n008-2018-08-27-11-48-51-0400__CAM_FRONT__1535385105912404.jpg,1882.8860398360027,869.0899211762962,0.0,0.9997779648674298,-0.018495532215622563,0.001423047497234316,0.009995558484751655
scene-0655,samples/CAM_FRONT/n008-2018-08-27-11-48-51-0400__CAM_FRONT__1535385106412404.jpg,1887.179536800934,869.1679342574791,0.0,0.9998215147885572,-0.015120339461849135,0.003970010668792471,0.01060909589753423
scene-0655,samples/CAM_FRONT/n008-2018-08-27-11-48-51-0400__CAM_FRONT__1535385106912404.jpg,1891.4329276552173,869.2250937491056,0.0,0.9999015552487792,-0.009092935336134486,0.003658212903943618,0.010040707962798432
scene-0655,samples/CAM_FRONT/n008-2018-08-27-11-48-51-0400__CAM_FRONT__1535385107412404.jpg,1895.6003815414883,869.2820876003128,0.0,0.9998767027438243,-0.011834296157897281,0.0014372734609537669,0.01022071375119816
scene-0655,samples/CAM_FRONT/n008-2018-08-27-11-48-51-0400__CAM_FRONT__1535385107912404.jpg,1899.7699491577748,869.3240891097411,0.0,0.9998786816031913,-0.012360280743679805,0.0017716472924075102,0.009311648687147622
scene-0655,samples/CAM_FRONT/n008-2018-08-27-11-48-51-0400__CAM_FRONT__1535385108412412.jpg,1904.0590657539624,869.3689215052664,0.0,0.9998875369914894,-0.011585918232955189,0.0028175618629591517,0.009096219706044661
scene-0655,samples/CAM_FRONT/n008-2018-08-27-11-48-51-0400__CAM_FRONT__1535385108912404.jpg,1908.5111267580435,869.4358515570548,0.0,0.9998655580115824,-0.011932221189610678,0.003934864193431441,0.010535883610235611
scene-0655,samples/CAM_FRONT/n008-2018-08-27-11-48-51-0400__CAM_FRONT__1535385109362404.jpg,1912.4906619575258,869.5209382166958,0.0,0.9998565548049759,-0.011295040286129779,0.0024450934876790115,0.012381978690627547
scene-0655,samples/CAM_FRONT/n008-2018-08-27-11-48-51-0400__CAM_FRONT__1535385109862404.jpg,1916.9007099818919,869.5957930476117,0.0,-0.9997537026718636,0.01657453430730739,-0.004331622839721386,-0.014108715390477528
scene-0655,samples/CAM_FRONT/n008-2018-08-27-11-48-51-0400__CAM_FRONT__1535385110412404.jpg,1921.6910644421878,869.6944347356244,0.0,-0.9997082874294473,0.017253358331739122,-0.006183327296153428,-0.01572984852776327
scene-0655,samples/CAM_FRONT/n008-2018-08-27-11-48-51-0400__CAM_FRONT__1535385110912404.jpg,1926.0758673230043,869.863016498037,0.0,-0.9996912733021012,0.014678562456880779,-0.001439938277163567,-0.019995611157964076
scene-0655,samples/CAM_FRONT/n008-2018-08-27-11-48-51-0400__CAM_FRONT__1535385111412404.jpg,1930.5234926344951,870.0327526739874,0.0,-0.9996864537192257,0.011073649044945939,0.000972222110149699,-0.02243709721145548
scene-0655,samples/CAM_FRONT/n008-2018-08-27-11-48-51-0400__CAM_FRONT__1535385111912404.jpg,1934.9748345910937,870.1696313259017,0.0,-0.9997388171204598,0.008929606074040163,-0.005097174425556771,-0.02041025455064968
scene-0757,samples/CAM_FRONT/n008-2018-08-30-15-16-55-0400__CAM_FRONT__1535657108262404.jpg,334.7334609430775,658.648654546569,0.0,-0.12913625017731867,0.007482417455392506,0.0007202995571514028,-0.99159836803401
scene-0757,samples/CAM_FRONT/n008-2018-08-30-15-16-55-0400__CAM_FRONT__1535657108762404.jpg,332.2710500666874,659.361481037181,0.0,-0.14357427714198248,0.007435552678049294,0.002206361115203124,-0.9896091508621765
scene-0757,samples/CAM_FRONT/n008-2018-08-30-15-16-55-0400__CAM_FRONT__1535657109262404.jpg,329.83566081817344,660.1346314536617,0.0,-0.1549755807103587,0.011846383331678116,0.00583441614614143,-0.9878300421498022
scene-0757,samples/CAM_FRONT/n008-2018-08-30-15-16-55-0400__CAM_FRONT__1535657109762404.jpg,327.41989959349576,660.960971769676,0.0,-0.16106397731294148,0.008578298320199466,0.0051270277247782445,-0.9868933689091115
scene-0757,samples/CAM_FRONT/n008-2018-08-30-15-16-55-0400__CAM_FRONT__1535657110162404.jpg,325.5346788964807,661.6261637830779,0.0,-0.1621075301862681,0.01050032347325339,-0.001797529575584931,-0.9867155926361406
scene-0757,samples/CAM_FRONT/n008-2018-08-30-15-16-55-0400__CAM_FRONT__1535657110612404.jpg,323.5273230979401,662.3460216283365,0.0,-0.16571288144349844,0.007868171334821051,-0.0032736268702426943,-0.9861372197471574
scene-0757,samples/CAM_FRONT/n008-2018-08-30-15-16-55-0400__CAM_FRONT__1535657111112404.jpg,321.4979512289965,663.1103029782179,0.0,-0.17809505003064577,0.009318117047810843,-0.010437693154810305,-0.9839138074094046
scene-0757,samples/CAM_FRONT/n008-2018-08-30-15-16-55-0400__CAM_FRONT__1535657111612404.jpg,319.63697962080187,663.8862496174622,0.0,-0.19302749809737044,0.005754017202258815,-0.0011788906639868457,-0.9811757673735673
scene-0757,samples/CAM_FRONT/n008-2018-08-30-15-16-55-0400__CAM_FRONT__1535657112112404.jpg,318.01210117583923,664.6084855134952,0.0,-0.20018083295191136,0.011644019994862462,-0.0029227837755072413,-0.9796854129015291
scene-0757,samples/CAM_FRONT/n008-2018-08-30-15-16-55-0400__CAM_FRONT__1535657112612404.jpg,316.44252970513116,665.3109898257886,0.0,-0.2015249030177787,0.011099389978696477,-0.007478287788284453,-0.9793919502515487
scene-0757,samples/CAM_FRONT/n008-2018-08-30-15-16-55-0400__CAM_FRONT__1535657113112404.jpg,315.0514824653478,665.9248576377354,0.0,-0.2035346561499985,0.012078446817592436,-0.005878485669866302,-0.9789755861484013
scene-0757,samples/CAM_FRONT/n008-2018-08-30-15-16-55-0400__CAM_FRONT__1535657113612404.jpg,313.81243762149506,666.4780034016364,0.0,-0.20452961642588346,0.014121677653192874,-0.011068352492482376,-0.9786959210081765
scene-0757,samples/CAM_FRONT/n008-2018-08-30-15-16-55-0400__CAM_FRONT__1535657114112404.jpg,312.70005056931905,666.9884573959675,0.0,-0.2046481424961393,0.013063262146293714,-0.012727198821590175,-0.9786656770139295
scene-0757,samples/CAM_FRONT/n008-2018-08-30-15-16-55-0400__CAM_FRONT__1535657114612404.jpg,311.70674058621034,667.4420731736129,0.0,-0.20599504553948345,0.01113581778478421,-0.014667330822925068,-0.9783797341431297
scene-0757,samples/CAM_FRONT/n008-2018-08-30-15-16-55-0400__CAM_FRONT__1535657115112404.jpg,310.8274222821574,667.8510864064868,0.0,-0.2116367394449791,0.010970882948890908,-0.018751757242367214,-0.9771069040001419
scene-0757,samples/CAM_FRONT/n008-2018-08-30-15-16-55-0400__CAM_FRONT__1535657115612404.jpg,310.1062185420915,668.2013824909345,0.0,-0.219065006296027,0.009730294262919359,-0.02330614033085975,-0.9753833442359764
scene-0757,samples/CAM_FRONT/n008-2018-08-30-15-16-55-0400__CAM_FRONT__1535657116112404.jpg,309.6165081901145,668.4416767133957,0.0,-0.2245036766305719,0.011842053213966803,-0.02380959718044713,-0.9741103469510718
scene-0757,samples/CAM_FRONT/n008-2018-08-30-15-16-55-0400__CAM_FRONT__1535657116612404.jpg,309.3314183750881,668.5838059657663,0.0,-0.22806338854904834,0.012034467756257834,-0.024805138606134886,-0.9732558592107624
scene-0757,samples/CAM_FRONT/n008-2018-08-30-15-16-55-0400__CAM_FRONT__1535657117112404.jpg,309.2078761435473,668.6478502377049,0.0,-0.22980196083731635,0.011613886971484756,-0.02447025943859307,-0.9728604128176591
scene-0757,samples/CAM_FRONT/n008-2018-08-30-15-16-55-0400__CAM_FRONT__1535657117612404.jpg,309.1728552496488,668.6683288041914,0.0,-0.22959398434125103,0.0112217784795183,-0.02419920240140885,-0.9729208974244524
scene-0757,samples/CAM_FRONT/n008-2018-08-30-15-16-55-0400__CAM_FRONT__1535657118112404.jpg,309.18411916002333,668.6639066570241,0.0,-0.22968983939189336,0.010745328730625725,-0.024026644885848825,-0.9729079277743224
scene-0757,samples/CAM_FRONT/n008-2018-08-30-15-16-55-0400__CAM_FRONT__1535657118612404.jpg,309.18575974829173,668.6640174623062,0.0,-0.22975559987828137,0.010799595865510785,-0.023962346229463496,-0.9728933852261983
scene-0757,samples/CAM_FRONT/n008-2018-08-30-15-16-55-0400__CAM_FRONT__1535657119112404.jpg,309.18607318894055,668.6646195694858,0.0,-0.2297914960446159,0.010835329557116516,-0.023941127489101547,-0.9728850324645337
scene-0757,samples/CAM_FRONT/n008-2018-08-30-15-16-55-0400__CAM_FRONT__1535657119612404.jpg,309.18639437725506,668.6650892407708,0.0,-0.22984518517346303,0.01085349827897992,-0.023902892187174906,-0.972873087392581
scene-0757,samples/CAM_FRONT/n008-2018-08-30-15-16-55-0400__CAM_FRONT__1535657120112404.jpg,309.18657852729075,668.6655264451258,0.0,-0.22981558310508787,0.01086646577278197,-0.023844502927811515,-0.9728813685973244
scene-0757,samples/CAM_FRONT/n008-2018-08-30-15-16-55-0400__CAM_FRONT__1535657120612404.jpg,309.1867918511325,668.6658671860552,0.0,-0.22986569120617423,0.010941528116190235,-0.02387209334627828,-0.9728680126965101
scene-0757,samples/CAM_FRONT/n008-2018-08-30-15-16-55-0400__CAM_FRONT__1535657121112404.jpg,309.18703217364873,668.6661272426422,0.0,-0.22989579810128763,0.010938926911497147,-0.0238499255716365,-0.9728614716102308
scene-0757,samples/CAM_FRONT/n008-2018-08-30-15-16-55-0400__CAM_FRONT__1535657121612404.jpg,309.1870951097021,668.666420136856,0.0,-0.22986280136119958,0.010933642131628686,-0.023828038699529205,-0.9728698641605942
scene-0757,samples/CAM_FRONT/n008-2018-08-30-15-16-55-0400__CAM_FRONT__1535657122112404.jpg,309.1872495709458,668.666619865184,0.0,-0.22986584395804374,0.010916531874086786,-0.02380333835171052,-0.9728699420768495
scene-0757,samples/CAM_FRONT/n008-2018-08-30-15-16-55-0400__CAM_FRONT__1535657122612404.jpg,309.1872972951437,668.6668332841541,0.0,-0.2298443751336333,0.01092740370921879,-0.023812988646301853,-0.9728746561810193
scene-0757,samples/CAM_FRONT/n008-2018-08-30-15-16-55-0400__CAM_FRONT__1535657123112404.jpg,309.18742049831917,668.6669751155688,0.0,-0.22990135464814454,0.010887713945594775,-0.023789904888179753,-0.9728622025967495
scene-0757,samples/CAM_FRONT/n008-2018-08-30-15-16-55-0400__CAM_FRONT__1535657123612404.jpg,309.18752113052824,668.6670991653875,0.0,-0.22988382337035018,0.01096451186309568,-0.023725124752650845,-0.9728670647563853
scene-0757,samples/CAM_FRONT/n008-2018-08-30-15-16-55-0400__CAM_FRONT__1535657124112404.jpg,309.1874938041219,668.6672625948639,0.0,-0.2298176895373018,0.010959197283018274,-0.023723316155491954,-0.9728827934757789
scene-0757,samples/CAM_FRONT/n008-2018-08-30-15-16-55-0400__CAM_FRONT__1535657124612404.jpg,309.187543887635,668.6673662401595,0.0,-0.22986281664507358,0.011039941659807465,-0.023708901079895484,-0.9728715707747478
scene-0757,samples/CAM_FRONT/n008-2018-08-30-15-16-55-0400__CAM_FRONT__1535657125112404.jpg,309.1876325769417,668.6674324556548,0.0,-0.2298711512196627,0.011068476341213818,-0.02359664640764094,-0.9728720064565247
scene-0757,samples/CAM_FRONT/n008-2018-08-30-15-16-55-0400__CAM_FRONT__1535657125612404.jpg,309.18765462326337,668.6675164690571,0.0,-0.2298591955097757,0.011044015007299748,-0.023593016269951708,-0.972875197317417
scene-0757,samples/CAM_FRONT/n008-2018-08-30-15-16-55-0400__CAM_FRONT__1535657126112404.jpg,309.1876700138364,668.6675904066867,0.0,-0.22985944533592959,0.011093310562823002,-0.023591345839455855,-0.9728746179503805
scene-0757,samples/CAM_FRONT/n008-2018-08-30-15-16-55-0400__CAM_FRONT__1535657126612404.jpg,309.187757146532,668.6676171170833,0.0,-0.22988388136714888,0.011084414846048293,-0.02353062120105979,-0.9728704161916877
scene-0757,samples/CAM_FRONT/n008-2018-08-30-15-16-55-0400__CAM_FRONT__1535657127112404.jpg,309.1877937680997,668.6676592014397,0.0,-0.22990462676717874,0.011060762263335876,-0.02353341350320891,-0.9728657155939276
scene-0757,samples/CAM_FRONT/n008-2018-08-30-15-16-55-0400__CAM_FRONT__1535657127612404.jpg,309.1878396101729,668.6676882811496,0.0,-0.22990504908173556,0.011016072234254224,-0.023502571230982275,-0.9728668684382189
scene-0757,samples/CAM_FRONT/n008-2018-08-30-15-16-55-0400__CAM_FRONT__1535657128112404.jpg,309.1878574546422,668.6677241101553,0.0,-0.22991519838506355,0.0109761867898512,-0.023416877168720623,-0.9728669871769605
scene-0796,samples/CAM_FRONT/n015-2018-10-02-10-50-40+0800__CAM_FRONT__1538448744412460.jpg,1871.3175225824368,2483.9945776141917,0.0,0.4095535097059121,-0.013305817389857087,0.0016895656451974207,0.9121874934897365
scene-0796,samples/CAM_FRONT/n015-2018-10-02-10-50-40+0800__CAM_FRONT__1538448745012460.jpg,1866.2999488073249,2489.772087417711,0.0,0.41554371736606666,-0.0171040696373552,0.005210263869190168,0.9093974504636817
scene-0796,samples/CAM_FRONT/n015-2018-10-02-10-50-40+0800__CAM_FRONT__1538448745512460.jpg,1862.1362371816995,2494.678204460798,0.0,0.41927734045658377,-0.01833523824394718,0.0031147134609712974,0.9076676866443181
scene-0796,samples/CAM_FRONT/n015-2018-10-02-10-50-40+0800__CAM_FRONT__1538448746012460.jpg,1857.9647666183291,2499.6526192737983,0.0,0.4196657085105968,-0.014616907283951444,0.008322975067412006,0.907522874206363
scene-0796,samples/CAM_FRONT/n015-2018-10-02-10-50-40+0800__CAM_FRONT__1538448746512460.jpg,1853.817897721749,2504.592642567903,0.0,0.41998738179607015,-0.015504677073247063,0.007637007348544033,0.907365351024434
scene-0796,samples/CAM_FRONT/n015-2018-10-02-10-50-40+0800__CAM_FRONT__1538448747012460.jpg,1849.7680191478394,2509.449268056749,0.0,0.41986555209722026,-0.01590619198321916,0.008019679349277893,0.9074114810612793
scene-0796,samples/CAM_FRONT/n015-2018-10-02-10-50-40+0800__CAM_FRONT__1538448747512460.jpg,1845.7470669085876,2514.249099318125,0.0,0.41994980006069493,-0.015183104424807525,0.003542908990845337,0.9074134044441323
scene-0796,samples/CAM_FRONT/n015-2018-10-02-10-50-40+0800__CAM_FRONT__1538448748012460.jpg,1841.819929458335,2518.9237004277343,0.0,0.4186402718557074,-0.01770023559437943,0.005061400165294917,0.9079655316524131
scene-0796,samples/CAM_FRONT/n015-2018-10-02-10-50-40+0800__CAM_FRONT__1538448748512460.jpg,1837.8510566268803,2523.605889429401,0.0,0.4170647595833976,-0.0179135023221125,-0.0030695240789464654,0.9086950372760527
scene-0796,samples/CAM_FRONT/n015-2018-10-02-10-50-40+0800__CAM_FRONT__1538448749012460.jpg,1833.9635076308887,2528.1982490805667,0.0,0.41816235694071613,-0.018288253653660054,-0.003471657401483764,0.9081815515693827
scene-0796,samples/CAM_FRONT/n015-2018-10-02-10-50-40+0800__CAM_FRONT__1538448749512460.jpg,1830.0773648959796,2532.7707049637393,0.0,0.41674263667243217,-0.015749653228865464,-0.014521911653935139,0.9087720491324516
scene-0796,samples/CAM_FRONT/n015-2018-10-02-10-50-40+0800__CAM_FRONT__1538448750012460.jpg,1826.212049934773,2537.284208452496,0.0,0.41590508843575397,0.007643922069892034,0.00013890610651527777,0.9093758895933687
scene-0796,samples/CAM_FRONT/n015-2018-10-02-10-50-40+0800__CAM_FRONT__1538448750512460.jpg,1822.41387232122,2541.8020874082217,0.0,0.41960939997286856,-0.0006122641617840935,0.019259944646755112,0.9075002099830107
scene-0796,samples/CAM_FRONT/n015-2018-10-02-10-50-40+0800__CAM_FRONT__1538448751012460.jpg,1818.6390550049819,2546.3457038208435,0.0,0.42319484316623335,-0.006084353096070125,0.013892505124932054,0.9059117526924263
scene-0796,samples/CAM_FRONT/n015-2018-10-02-10-50-40+0800__CAM_FRONT__1538448751512460.jpg,1814.8281929545542,2550.968178555562,0.0,0.42125525057908275,-0.017507555530638548,0.0027089972387867836,0.9067690779315623
scene-0796,samples/CAM_FRONT/n015-2018-10-02-10-50-40+0800__CAM_FRONT__1538448752012460.jpg,1810.9967300669,2555.5298108408033,0.0,0.41800853677016087,-0.009015722437774303,0.0035116004590888534,0.9083915722849973
scene-0796,samples/CAM_FRONT/n015-2018-10-02-10-50-40+0800__CAM_FRONT__1538448752512460.jpg,1807.1098637850719,2560.1058974872867,0.0,0.41832191452596584,-0.01316539203139245,-0.006707856372130996,0.9081786459408087
scene-0796,samples/CAM_FRONT/n015-2018-10-02-10-50-40+0800__CAM_FRONT__1538448753012460.jpg,1803.2802970163439,2564.6401979685224,0.0,0.41816775465435196,-0.018470444932020533,-0.010760968641970447,0.9081182594713295
scene-0796,samples/CAM_FRONT/n015-2018-10-02-10-50-40+0800__CAM_FRONT__1538448753512460.jpg,1799.4263863332117,2569.2346112444993,0.0,0.42107672548241953,-0.013667969271303627,-0.010512500837427345,0.9068611057924719
scene-0796,samples/CAM_FRONT/n015-2018-10-02-10-50-40+0800__CAM_FRONT__1538448754012460.jpg,1795.5625701182714,2573.870952155459,0.0,0.4226730057842833,-0.011937509623984374,-0.011876130988147727,0.9061258100054367
scene-0796,samples/CAM_FRONT/n015-2018-10-02-10-50-40+0800__CAM_FRONT__1538448754512460.jpg,1791.739957581436,2578.480443180548,0.0,0.42382239881403844,-0.012560530335005754,-0.02025294036471379,0.905431734449263
scene-0796,samples/CAM_FRONT/n015-2018-10-02-10-50-40+0800__CAM_FRONT__1538448755012460.jpg,1787.891541380656,2583.1238004348497,0.0,0.4234204589905589,-0.00863992016731621,-0.024851772190896494,0.9055511338995157
scene-0796,samples/CAM_FRONT/n015-2018-10-02-10-50-40+0800__CAM_FRONT__1538448755512460.jpg,1784.044131804565,2587.7575212886754,0.0,0.4222575586957157,-0.015755983065117794,-0.019964953063766687,0.9061190339967194
scene-0796,samples/CAM_FRONT/n015-2018-10-02-10-50-40+0800__CAM_FRONT__1538448756012460.jpg,1780.1888998075926,2592.3910570140893,0.0,0.4207509499374903,-0.009091230658931708,-0.024173673459816164,0.9068084809722854
scene-0796,samples/CAM_FRONT/n015-2018-10-02-10-50-40+0800__CAM_FRONT__1538448756512460.jpg,1776.345242638911,2596.920277101771,0.0,0.41864650642646234,-0.008327522662437596,-0.016067856694226442,0.907968930638311
scene-0796,samples/CAM_FRONT/n015-2018-10-02-10-50-40+0800__CAM_FRONT__1538448757012460.jpg,1772.5418454076996,2601.422540995639,0.0,0.4208915558817881,-0.0028847371113138185,-0.012624837250007435,0.9070185168802328
scene-0796,samples/CAM_FRONT/n015-2018-10-02-10-50-40+0800__CAM_FRONT__1538448757512460.jpg,1768.803437153641,2605.900804217446,0.0,0.42323808903418697,-0.0026622681314620576,-0.019145501150292656,0.9058122775193489
scene-0796,samples/CAM_FRONT/n015-2018-10-02-10-50-40+0800__CAM_FRONT__1538448758012460.jpg,1765.1149521755738,2610.384837977301,0.0,0.42584419816741603,-0.005798001920153543,-0.020005858100174065,0.9045567244250412
scene-0796,samples/CAM_FRONT/n015-2018-10-02-10-50-40+0800__CAM_FRONT__1538448758512460.jpg,1761.4273697867525,2614.893748644661,0.0,0.4288259091234032,-0.004165909297790715,-0.016879697766341448,0.9032198296469834
scene-0796,samples/CAM_FRONT/n015-2018-10-02-10-50-40+0800__CAM_FRONT__1538448759012460.jpg,1757.7689109652417,2619.428026596217,0.0,0.4311350397378263,-0.0034855011219406583,-0.018356350610478973,0.9020939381153477
scene-0796,samples/CAM_FRONT/n015-2018-10-02-10-50-40+0800__CAM_FRONT__1538448759512460.jpg,1754.0813070591103,2624.06791612957,0.0,0.4328173744714702,-0.003327557438744727,-0.022438136273054823,0.9011961927115023
scene-0796,samples/CAM_FRONT/n015-2018-10-02-10-50-40+0800__CAM_FRONT__1538448760012460.jpg,1750.358233192937,2628.760594575993,0.0,0.4331052515490801,-0.0062449874145902055,-0.02138078184727577,0.9010680903130457
scene-0796,samples/CAM_FRONT/n015-2018-10-02-10-50-40+0800__CAM_FRONT__1538448760512460.jpg,1746.5688486159006,2633.568345287548,0.0,0.4346150272620077,-0.005861592494265882,-0.021208518354481717,0.9003474987807114
scene-0796,samples/CAM_FRONT/n015-2018-10-02-10-50-40+0800__CAM_FRONT__1538448761012460.jpg,1742.8264137917326,2638.336725088013,0.0,0.4328400940189052,-0.004727553184039172,-0.019815174350605598,0.9012405129132022
scene-0796,samples/CAM_FRONT/n015-2018-10-02-10-50-40+0800__CAM_FRONT__1538448761512460.jpg,1739.052334597538,2643.09142604834,0.0,0.4327571226866354,-0.005068293501562337,-0.01899107057237111,0.9012962467488045
scene-0796,samples/CAM_FRONT/n015-2018-10-02-10-50-40+0800__CAM_FRONT__1538448762012460.jpg,1735.3035162598655,2647.828839409373,0.0,0.4330800992972089,-0.006602391419775839,-0.021449262511015543,0.90107600409621
scene-0796,samples/CAM_FRONT/n015-2018-10-02-10-50-40+0800__CAM_FRONT__1538448762512460.jpg,1731.5637670635433,2652.586674327787,0.0,0.4352403655612483,-0.007046456537405639,-0.023594701578176752,0.8999774784369965
scene-0796,samples/CAM_FRONT/n015-2018-10-02-10-50-40+0800__CAM_FRONT__1538448763012460.jpg,1727.8558069955625,2657.299532739921,0.0,0.4357802007701179,-0.005537802058532359,-0.018923559910066032,0.8998371231758813
scene-0796,samples/CAM_FRONT/n015-2018-10-02-10-50-40+0800__CAM_FRONT__1538448763512460.jpg,1724.1458350054445,2662.043127153418,0.0,0.43783992589516324,-0.0074356556456613805,-0.019496404373295282,0.898810770147838
scene-0796,samples/CAM_FRONT/n015-2018-10-02-10-50-40+0800__CAM_FRONT__1538448764012460.jpg,1720.512074208128,2666.745329782802,0.0,0.4405053620609736,-0.008850067688404298,-0.02122174136079426,0.8974554807850117
scene-0916,samples/CAM_FRONT/n015-2018-10-08-15-36-50+0800__CAM_FRONT__1538984233512470.jpg,715.6477969391926,1810.182287996884,0.0,0.8012964074773921,0.00544170305513258,-0.0028663044812231933,-0.5982359396845913
scene-0916,samples/CAM_FRONT/n015-2018-10-08-15-36-50+0800__CAM_FRONT__1538984234012472.jpg,716.0323277751718,1808.1947441590846,0.0,0.7440684277590268,0.005532018595292228,-0.0021895323643568378,-0.6680769248600771
scene-0916,samples/CAM_FRONT/n015-2018-10-08-15-36-50+0800__CAM_FRONT__1538984234512460.jpg,716.0680334562119,1806.1259556765672,0.0,0.6828306952965267,0.006525171051712339,-0.0021018826907255126,-0.7305444858410489
scene-0916,samples/CAM_FRONT/n015-2018-10-08-15-36-50+0800__CAM_FRONT__1538984234912460.jpg,715.8386196739878,1804.5190290989738,0.0,0.6303860474751699,0.012294481218490732,-0.006095389023570793,-0.7761605008713421
scene-0916,samples/CAM_FRONT/n015-2018-10-08-15-36-50+0800__CAM_FRONT__1538984235412460.jpg,715.2610199100723,1802.5798487547538,0.0,0.5692997999172817,0.0025908965001389186,-0.003951083038160473,-0.8221164236361506
scene-0916,samples/CAM_FRONT/n015-2018-10-08-15-36-50+0800__CAM_FRONT__1538984235912460.jpg,714.3794935920677,1800.6577404608242,0.0,0.5158900758991171,0.0028055712434045164,0.002439928684795843,-0.8566467212957825
scene-0916,samples/CAM_FRONT/n015-2018-10-08-15-36-50+0800__CAM_FRONT__1538984236412460.jpg,713.2659620758664,1798.781024570567,0.0,0.4745343913118566,-0.0005694149384542241,0.0014335165835750638,-0.880235611787616
scene-0916,samples/CAM_FRONT/n015-2018-10-08-15-36-50+0800__CAM_FRONT__1538984236912460.jpg,711.9646661646442,1796.9185724388674,0.0,0.45220668971259864,0.0013395673683247963,0.001867712832133292,-0.8919102124021318
scene-0916,samples/CAM_FRONT/n015-2018-10-08-15-36-50+0800__CAM_FRONT__1538984237412460.jpg,710.5381051699542,1795.0293887256862,0.0,0.4400950953967532,0.007139638306287035,0.0032523767095916202,-0.8979168973899074
scene-0916,samples/CAM_FRONT/n015-2018-10-08-15-36-50+0800__CAM_FRONT__1538984237912460.jpg,709.0664441393706,1793.1910903388666,0.0,0.42805206365108134,0.010651448174952421,0.004626083446090153,-0.90367946574423
scene-0916,samples/CAM_FRONT/n015-2018-10-08-15-36-50+0800__CAM_FRONT__1538984238412460.jpg,707.5559011599602,1791.422936090075,0.0,0.4140734787326622,0.011550276530608706,0.0019429952973453893,-0.9101680999087873
scene-0916,samples/CAM_FRONT/n015-2018-10-08-15-36-50+0800__CAM_FRONT__1538984238912460.jpg,705.9850453230932,1789.7181776733778,0.0,0.3929325366577531,0.017901829161630804,0.0037112415930503533,-0.9193855409099111
scene-0916,samples/CAM_FRONT/n015-2018-10-08-15-36-50+0800__CAM_FRONT__1538984239412460.jpg,704.3546022089741,1788.145810134095,0.0,0.3590102842652853,0.023264210066964136,0.003558488224026391,-0.9330368317935143
scene-0916,samples/CAM_FRONT/n015-2018-10-08-15-36-50+0800__CAM_FRONT__1538984239912460.jpg,702.6731466736433,1786.7795585113172,0.0,0.31313840686167366,0.020968956722080077,0.003476392978531323,-0.9494696180994838
scene-0916,samples/CAM_FRONT/n015-2018-10-08-15-36-50+0800__CAM_FRONT__1538984240412460.jpg,700.8876717149541,1785.6672947256766,0.0,0.24299548616961145,0.023691624305428007,0.006635885499710877,-0.969715352906511
scene-0916,samples/CAM_FRONT/n015-2018-10-08-15-36-50+0800__CAM_FRONT__1538984240912467.jpg,699.0170530942288,1784.8936803115967,0.0,0.15244785274782857,0.023007088197598672,0.003989976592037899,-0.9880356300114076
scene-0916,samples/CAM_FRONT/n015-2018-10-08-15-36-50+0800__CAM_FRONT__1538984241412460.jpg,697.1113987384492,1784.5053383037643,0.0,0.055681332403700934,0.015418296245388105,0.0016684163209001145,-0.9983281433224337
scene-0916,samples/CAM_FRONT/n015-2018-10-08-15-36-50+0800__CAM_FRONT__1538984241912460.jpg,695.1728081355882,1784.5177772450013,0.0,-0.06282936157346747,0.011943036188313622,-6.635894964287419e-05,-0.9979528199305642
scene-0916,samples/CAM_FRONT/n015-2018-10-08-15-36-50+0800__CAM_FRONT__1538984242412460.jpg,693.1851669987643,1785.049891416319,0.0,-0.1909240325843187,0.0035436918288397285,0.000829309749339601,-0.9815980685979901
scene-0916,samples/CAM_FRONT/n015-2018-10-08-15-36-50+0800__CAM_FRONT__1538984242912460.jpg,691.2601713515601,1786.1084394384013,0.0,-0.2976409781611957,-0.0029904720723847936,0.0030347221938702915,-0.9546683694651446
scene-0916,samples/CAM_FRONT/n015-2018-10-08-15-36-50+0800__CAM_FRONT__1538984243412460.jpg,689.4633455536205,1787.5429740988054,0.0,-0.35379107996080206,-0.007891585520802824,0.004706101505894849,-0.9352793418154564
scene-0916,samples/CAM_FRONT/n015-2018-10-08-15-36-50+0800__CAM_FRONT__1538984243912460.jpg,687.6735417494915,1789.2107976103018,0.0,-0.36906198196597073,-0.010386585775187236,0.004757879876364026,-0.9293345656341241
scene-0916,samples/CAM_FRONT/n015-2018-10-08-15-36-50+0800__CAM_FRONT__1538984244412460.jpg,685.8160185581353,1790.9714888703804,0.0,-0.36929560863651556,-0.010733955281753724,0.0046565220034877255,-0.9292383184353868
scene-0916,samples/CAM_FRONT/n015-2018-10-08-15-36-50+0800__CAM_FRONT__1538984244912460.jpg,683.9313536759286,1792.773473314304,0.0,-0.36923333117194995,-0.011678148550079509,0.006772614343654717,-0.9292386667014344
scene-0916,samples/CAM_FRONT/n015-2018-10-08-15-36-50+0800__CAM_FRONT__1538984245412460.jpg,681.9730589040277,1794.6269644089616,0.0,-0.36770730794119955,-0.010655963784780155,0.004992338138868113,-0.9298671209814662
scene-0916,samples/CAM_FRONT/n015-2018-10-08-15-36-50+0800__CAM_FRONT__1538984245912460.jpg,679.9292404756625,1796.5553390542718,0.0,-0.36626876307287193,-0.010808121388404505,0.005833819386462428,-0.9304280435694572
scene-0916,samples/CAM_FRONT/n015-2018-10-08-15-36-50+0800__CAM_FRONT__1538984246412460.jpg,677.8562953548621,1798.513407830745,0.0,-0.3707621911187543,-0.010189015766193337,0.006835430640334539,-0.9286467888721186
scene-0916,samples/CAM_FRONT/n015-2018-10-08-15-36-50+0800__CAM_FRONT__1538984246912460.jpg,675.7893824901263,1800.5241498179953,0.0,-0.3760221289854242,-0.012262979660492819,0.006658418353615041,-0.9265056088918966
scene-0916,samples/CAM_FRONT/n015-2018-10-08-15-36-50+0800__CAM_FRONT__1538984247412460.jpg,673.6154640142609,1802.6694680842397,0.0,-0.37865727549929384,-0.011510026951729096,0.0068593724297975,-0.9254399688801491
scene-0916,samples/CAM_FRONT/n015-2018-10-08-15-36-50+0800__CAM_FRONT__1538984247912460.jpg,671.4655132012765,1804.8262299451237,0.0,-0.38115625165139544,-0.010336411226402185,0.006205721252656787,-0.9244320199202054
scene-0916,samples/CAM_FRONT/n015-2018-10-08-15-36-50+0800__CAM_FRONT__1538984248412460.jpg,669.3451905071191,1806.9561389627,0.0,-0.382921297573233,-0.011584720585766727,0.005164389817952025,-0.9236938904158614
scene-0916,samples/CAM_FRONT/n015-2018-10-08-15-36-50+0800__CAM_FRONT__1538984248912460.jpg,667.2337250121859,1809.0908894272088,0.0,-0.38397267032425997,-0.013166666615952314,0.006103147348161203,-0.9232304040307209
scene-0916,samples/CAM_FRONT/n015-2018-10-08-15-36-50+0800__CAM_FRONT__1538984249412460.jpg,665.2039771336827,1811.1447489452248,0.0,-0.38026676132902415,-0.01276342682606605,0.006915869271695076,-0.924762918761456
scene-0916,samples/CAM_FRONT/n015-2018-10-08-15-36-50+0800__CAM_FRONT__1538984249912460.jpg,663.2641682181039,1813.0427615422927,0.0,-0.36636235258795213,-0.011636942796012632,0.006699143352392346,-0.9303753702925118
scene-0916,samples/CAM_FRONT/n015-2018-10-08-15-36-50+0800__CAM_FRONT__1538984250412460.jpg,661.4270865439349,1814.6633474278178,0.0,-0.3363673313780062,-0.01250478795954383,0.006890598193039324,-0.941622625214723
scene-0916,samples/CAM_FRONT/n015-2018-10-08-15-36-50+0800__CAM_FRONT__1538984250912460.jpg,659.5887268813259,1816.03678374359,0.0,-0.2878886859697962,-0.01580255912792874,0.007715492266101885,-0.957502404589505
scene-0916,samples/CAM_FRONT/n015-2018-10-08-15-36-50+0800__CAM_FRONT__1538984251412460.jpg,657.8158704094188,1817.0564762457786,0.0,-0.2218768998775287,-0.027329844816204707,0.0062720810004683585,-0.9746714225229869
scene-0916,samples/CAM_FRONT/n015-2018-10-08-15-36-50+0800__CAM_FRONT__1538984251912460.jpg,655.9821618326018,1817.7679626570166,0.0,-0.13327340234288143,-0.0369112161040602,0.005062818491099401,-0.9903787811855613
scene-0916,samples/CAM_FRONT/n015-2018-10-08-15-36-50+0800__CAM_FRONT__1538984252412460.jpg,654.1150796350153,1818.0990778271816,0.0,-0.02781565743877834,-0.040033662441236045,0.0009093051731665792,-0.9988106768736965
scene-0916,samples/CAM_FRONT/n015-2018-10-08-15-36-50+0800__CAM_FRONT__1538984252912460.jpg,652.3003700056654,1818.0272948579955,0.0,0.07743585226311417,-0.03920556500613612,-0.003132916319387739,-0.9962212592050879
scene-0916,samples/CAM_FRONT/n015-2018-10-08-15-36-50+0800__CAM_FRONT__1538984253412460.jpg,650.6033724126435,1817.5865609110674,0.0,0.17831841918470148,-0.03446789357452869,-0.00561691247434773,-0.9833529152782635
scene-1077,samples/CAM_FRONT/n015-2018-11-21-19-38-26+0800__CAM_FRONT__1542800367912460.jpg,608.8522392302609,2011.2596937955698,0.0,0.706328592632754,-0.004648448200904095,-0.0047246243559884585,-0.7078530843921297
scene-1077,samples/CAM_FRONT/n015-2018-11-21-19-38-26+0800__CAM_FRONT__1542800368412460.jpg,609.1628804076003,2008.156215386462,0.0,0.7849192056365538,0.0016580388882024334,-0.0005061250515726597,-0.6195957031543706
scene-1077,samples/CAM_FRONT/n015-2018-11-21-19-38-26+0800__CAM_FRONT__1542800368912460.jpg,610.2652357566128,2005.0272582903053,0.0,0.8496727562484441,0.0004369235603433472,0.003747681425882801,-0.5272968530826869
scene-1077,samples/CAM_FRONT/n015-2018-11-21-19-38-26+0800__CAM_FRONT__1542800369412460.jpg,612.0684879614923,2001.975882567268,0.0,0.8940114373612693,0.0021157034949175744,0.007388682880466908,-0.4479782149069872
scene-1077,samples/CAM_FRONT/n015-2018-11-21-19-38-26+0800__CAM_FRONT__1542800369912460.jpg,614.5835096494817,1998.9869342986362,0.0,0.9213422366022499,-0.0032770149260996115,0.008737145546415394,-0.3886404591825698
scene-1077,samples/CAM_FRONT/n015-2018-11-21-19-38-26+0800__CAM_FRONT__1542800370412460.jpg,617.5898045435548,1995.965328070724,0.0,0.9291051479138853,-0.003506717619190477,0.005913210983317544,-0.3697517558948483
scene-1077,samples/CAM_FRONT/n015-2018-11-21-19-38-26+0800__CAM_FRONT__1542800370912460.jpg,620.9851002347925,1992.7303413798786,0.0,0.9311159498064917,-0.005174975657357868,0.007561190611372965,-0.3646081952444818
scene-1077,samples/CAM_FRONT/n015-2018-11-21-19-38-26+0800__CAM_FRONT__1542800371412460.jpg,624.6697287949755,1989.2687563527838,0.0,0.9320939086083426,-0.007089963424454391,0.009210481299630507,-0.3620301713781484
scene-1077,samples/CAM_FRONT/n015-2018-11-21-19-38-26+0800__CAM_FRONT__1542800371912471.jpg,628.525696506952,1985.7025818651168,0.0,0.9324547698766119,-0.007702113584534261,0.00860007199751721,-0.36110222699718
scene-1077,samples/CAM_FRONT/n015-2018-11-21-19-38-26+0800__CAM_FRONT__1542800372362460.jpg,632.1778099533649,1982.344594611088,0.0,0.9328221075284139,-0.005271089764365245,0.008597427203708303,-0.36019607932960723
scene-1077,samples/CAM_FRONT/n015-2018-11-21-19-38-26+0800__CAM_FRONT__1542800372912460.jpg,636.7751070346634,1978.0966108842717,0.0,0.9324608101563944,-0.005948537294287536,0.007464219985753468,-0.36114503713403456
scene-1077,samples/CAM_FRONT/n015-2018-11-21-19-38-26+0800__CAM_FRONT__1542800373412460.jpg,641.040172701021,1974.1642383202518,0.0,0.9323875395069592,-0.012765695684651576,0.011703805812662444,-0.3610450582896062
scene-1077,samples/CAM_FRONT/n015-2018-11-21-19-38-26+0800__CAM_FRONT__1542800373912460.jpg,645.5080055069589,1969.9796453157524,0.0,0.9313359590573462,-0.021123489099370226,0.013981455881788608,-0.36327902288245056
scene-1077,samples/CAM_FRONT/n015-2018-11-21-19-38-26+0800__CAM_FRONT__1542800374412460.jpg,649.9994320534256,1965.7958880851534,0.0,0.931441648907236,-0.02119757328334399,0.010638982109836149,-0.3631169641142278
scene-1077,samples/CAM_FRONT/n015-2018-11-21-19-38-26+0800__CAM_FRONT__1542800374912460.jpg,654.51680698404,1961.5963859613103,0.0,0.9317603650372248,-0.020706376915487285,0.015193073371942875,-0.3621643806646997
scene-1077,samples/CAM_FRONT/n015-2018-11-21-19-38-26+0800__CAM_FRONT__1542800375412460.jpg,659.1362233431316,1957.315029638464,0.0,0.9318401377276717,-0.023063788703636283,0.013035254727915278,-0.36190067906054896
scene-1077,samples/CAM_FRONT/n015-2018-11-21-19-38-26+0800__CAM_FRONT__1542800375912460.jpg,663.7429303337891,1953.0340675727268,0.0,0.9312880161119991,-0.017574062266361497,0.00749845759535986,-0.36378229274571006
scene-1077,samples/CAM_FRONT/n015-2018-11-21-19-38-26+0800__CAM_FRONT__1542800376412496.jpg,668.3789227289267,1948.7374445018986,0.0,0.9315971135730254,-0.020642738256805043,0.013668733725574967,-0.3626483986701272
scene-1077,samples/CAM_FRONT/n015-2018-11-21-19-38-26+0800__CAM_FRONT__1542800376912460.jpg,673.0408935943739,1944.404954011776,0.0,0.9308029492108072,-0.021181392022763233,0.012461628885120467,-0.36469429139756315
scene-1077,samples/CAM_FRONT/n015-2018-11-21-19-38-26+0800__CAM_FRONT__1542800377412460.jpg,677.7644810492784,1939.994089539593,0.0,0.9306660452286262,-0.015339486535731896,0.010659532318079451,-0.36539264741109473
scene-1077,samples/CAM_FRONT/n015-2018-11-21-19-38-26+0800__CAM_FRONT__1542800377862460.jpg,682.0101307548665,1935.9907524436248,0.0,0.9304287568649715,-0.019417436092201982,0.011925418446667366,-0.36576368869692455
scene-1077,samples/CAM_FRONT/n015-2018-11-21-19-38-26+0800__CAM_FRONT__1542800378362460.jpg,686.7941103624843,1931.5158043578315,0.0,0.9307548596447197,-0.01900658461040343,0.00770487146690083,-0.3650681798580425
scene-1077,samples/CAM_FRONT/n015-2018-11-21-19-38-26+0800__CAM_FRONT__1542800378862460.jpg,691.7294135575912,1926.9061973337703,0.0,0.9305868666467553,-0.01924312031856699,0.008359192748157907,-0.3654694376299856
scene-1077,samples/CAM_FRONT/n015-2018-11-21-19-38-26+0800__CAM_FRONT__1542800379362460.jpg,696.7794741301149,1922.1798010488667,0.0,0.9307239877720992,-0.020346705122120185,0.00843459352177861,-0.36505852655210924
scene-1077,samples/CAM_FRONT/n015-2018-11-21-19-38-26+0800__CAM_FRONT__1542800379862460.jpg,701.9077891644182,1917.4133468207965,0.0,0.9323537632279553,-0.020008281154472323,0.010256456010248084,-0.3608475218011382
scene-1077,samples/CAM_FRONT/n015-2018-11-21-19-38-26+0800__CAM_FRONT__1542800380362460.jpg,707.1928853294373,1912.623352969275,0.0,0.9340184913618742,-0.01391061570691744,0.005346575822280157,-0.35691366840136585
scene-1077,samples/CAM_FRONT/n015-2018-11-21-19-38-26+0800__CAM_FRONT__1542800380912460.jpg,713.0285044635248,1907.379122083679,0.0,0.9359894083847201,-0.013132890832018478,0.004593820530372258,-0.3517531114047905
scene-1077,samples/CAM_FRONT/n015-2018-11-21-19-38-26+0800__CAM_FRONT__1542800381412460.jpg,718.5133103356296,1902.5565739889103,0.0,0.9376783023582917,-0.018994937309816724,0.007350989814292605,-0.3469071296353219
scene-1077,samples/CAM_FRONT/n015-2018-11-21-19-38-26+0800__CAM_FRONT__1542800381862460.jpg,723.587650442989,1898.1759499037162,0.0,0.9392429490707359,-0.016480020561933362,0.008434624639674426,-0.34275348087273083
scene-1077,samples/CAM_FRONT/n015-2018-11-21-19-38-26+0800__CAM_FRONT__1542800382362460.jpg,729.2872766923231,1893.3108242966375,0.0,0.9408653867464606,-0.012391571271822891,0.006085353234742982,-0.3384992488320415
scene-1077,samples/CAM_FRONT/n015-2018-11-21-19-38-26+0800__CAM_FRONT__1542800382862460.jpg,734.9421245073875,1888.6043896948627,0.0,0.942562668019444,-0.009862717865666835,0.0019827604613641106,-0.3338778404047247
scene-1077,samples/CAM_FRONT/n015-2018-11-21-19-38-26+0800__CAM_FRONT__1542800383362460.jpg,740.6676642511735,1883.9195533266313,0.0,0.9430576426667642,-0.010810738675853498,0.005412233747116409,-0.3324095640365283
scene-1077,samples/CAM_FRONT/n015-2018-11-21-19-38-26+0800__CAM_FRONT__1542800383862460.jpg,746.4484446624734,1879.2348584056517,0.0,0.9440092619528836,-0.008260731634230778,0.0032661269497031545,-0.32979934213819795
scene-1077,samples/CAM_FRONT/n015-2018-11-21-19-38-26+0800__CAM_FRONT__1542800384362460.jpg,752.1812183801144,1874.6003445201727,0.0,0.9445064659918916,-0.0072791447882567745,0.0008794753137541958,-0.3284109868348377
scene-1077,samples/CAM_FRONT/n015-2018-11-21-19-38-26+0800__CAM_FRONT__1542800384912460.jpg,758.5119797559803,1869.5555309669408,0.0,0.9446549030800326,-0.0005624322794299953,0.0010352010691664652,-0.3280636007171962
scene-1077,samples/CAM_FRONT/n015-2018-11-21-19-38-26+0800__CAM_FRONT__1542800385412460.jpg,764.2671391714598,1864.946050943715,0.0,0.9446304600748066,-0.004949035496711108,0.005709526441951288,-0.3280490851295278
scene-1077,samples/CAM_FRONT/n015-2018-11-21-19-38-26+0800__CAM_FRONT__1542800385912460.jpg,770.0712554291108,1860.2922458897665,0.0,0.9439985675358928,-0.004867847558856872,0.00038502869192579925,-0.3299134133423989
scene-1077,samples/CAM_FRONT/n015-2018-11-21-19-38-26+0800__CAM_FRONT__1542800386362460.jpg,775.2849734918578,1856.0593631687889,0.0,0.9423830011461943,-0.0024405039476106663,0.005280865965245424,-0.33448532934320263
scene-1077,samples/CAM_FRONT/n015-2018-11-21-19-38-26+0800__CAM_FRONT__1542800386862460.jpg,781.0486142752043,1851.2846758680694,0.0,0.9407873315852056,-0.0008394805907963044,0.0031576373557558237,-0.33898159437859676
scene-1077,samples/CAM_FRONT/n015-2018-11-21-19-38-26+0800__CAM_FRONT__1542800387362460.jpg,786.7921391624346,1846.395740926084,0.0,0.9378803154654384,-0.0015033090241036197,0.003060018862551718,-0.3469422000982127
scene-1077,samples/CAM_FRONT/n015-2018-11-21-19-38-26+0800__CAM_FRONT__1542800387862460.jpg,792.4901226236647,1841.3977557893893,0.0,0.9357416630399257,0.0003500358289549657,0.007116593445705167,-0.35261419657172355
scene-1094,samples/CAM_FRONT/n015-2018-11-21-19-38-26+0800__CAM_FRONT__1542800847912460.jpg,1526.5395126828528,1212.9234460487917,0.0,-0.08745081167429353,-0.024988638111871585,0.016945475263986737,-0.9957111902408743
scene-1094,samples/CAM_FRONT/n015-2018-11-21-19-38-26+0800__CAM_FRONT__1542800848412460.jpg,1526.462940211916,1212.9395266038764,0.0,-0.08761369973124353,-0.024895885437011617,0.016984709857895703,-0.9956985257289245
scene-1094,samples/CAM_FRONT/n015-2018-11-21-19-38-26+0800__CAM_FRONT__1542800848912460.jpg,1526.3878309700356,1212.954723401105,0.0,-0.0880246970071614,-0.026335136570530004,0.017041555976012937,-0.9956242758533587
scene-1094,samples/CAM_FRONT/n015-2018-11-21-19-38-26+0800__CAM_FRONT__1542800849412460.jpg,1526.194070844037,1212.9909587792179,0.0,-0.08893372017266107,-0.026366232571347396,0.016905227306649936,-0.9955449906889968
scene-1094,samples/CAM_FRONT/n015-2018-11-21-19-38-26+0800__CAM_FRONT__1542800849912460.jpg,1525.7571868764549,1213.0691951810634,0.0,-0.0903394594585977,-0.025811704217303146,0.01610134923621792,-0.9954462740614884
scene-1094,samples/CAM_FRONT/n015-2018-11-21-19-38-26+0800__CAM_FRONT__1542800850412460.jpg,1525.0221238973913,1213.2061133126376,0.0,-0.09215517748213825,-0.026340682157218926,0.013782750728981857,-0.9953007723844441
scene-1094,samples/CAM_FRONT/n015-2018-11-21-19-38-26+0800__CAM_FRONT__1542800850912460.jpg,1524.033932957899,1213.3989145735964,0.0,-0.09519835971212773,-0.022919076021485855,0.01345882883587992,-0.9951034359245315
scene-1094,samples/CAM_FRONT/n015-2018-11-21-19-38-26+0800__CAM_FRONT__1542800851412460.jpg,1522.7709961938576,1213.6478038939053,0.0,-0.09660735435940918,-0.015606681268718212,0.010824693203566963,-0.9951413349873981
scene-1094,samples/CAM_FRONT/n015-2018-11-21-19-38-26+0800__CAM_FRONT__1542800851912460.jpg,1521.435724678453,1213.9149974056097,0.0,-0.09650267060764309,-0.008042292418262218,0.0061433520895066256,-0.9952812744763946
scene-1094,samples/CAM_FRONT/n015-2018-11-21-19-38-26+0800__CAM_FRONT__1542800852412460.jpg,1520.075413152528,1214.1834875979769,0.0,-0.09208968483551669,1.368934384675521e-05,0.004906490181621839,-0.9957386284128958
scene-1094,samples/CAM_FRONT/n015-2018-11-21-19-38-26+0800__CAM_FRONT__1542800852912460.jpg,1518.7442442193947,1214.4130006068226,0.0,-0.06782234224523195,0.0073661600490584215,0.0004799506718843451,-0.9976701054085235
scene-1094,samples/CAM_FRONT/n015-2018-11-21-19-38-26+0800__CAM_FRONT__1542800853412460.jpg,1517.4327575656284,1214.5368616317603,0.0,-0.015082712828245748,0.007379991635626062,0.0003845244592842257,-0.9998589398700892
scene-1094,samples/CAM_FRONT/n015-2018-11-21-19-38-26+0800__CAM_FRONT__1542800853912460.jpg,1516.1744621736952,1214.4859467071892,0.0,0.06438815598950381,0.008980907810017997,-0.003155835584101766,-0.9978795264784951
scene-1094,samples/CAM_FRONT/n015-2018-11-21-19-38-26+0800__CAM_FRONT__1542800854412460.jpg,1514.8668168828272,1214.194791572343,0.0,0.1643270974652948,0.01296587275635817,-0.0003813971710521437,-0.9863206100039148
scene-1094,samples/CAM_FRONT/n015-2018-11-21-19-38-26+0800__CAM_FRONT__1542800854912460.jpg,1513.4172424006224,1213.5251402216609,0.0,0.27981586682475873,0.011523280054752037,-0.0035748327267376007,-0.9599778722766813
scene-1094,samples/CAM_FRONT/n015-2018-11-21-19-38-26+0800__CAM_FRONT__1542800855412460.jpg,1511.9237875870604,1212.3401816066573,0.0,0.3906179249893733,0.008927688160315297,-0.00332797925308129,-0.9205035891375977
scene-1094,samples/CAM_FRONT/n015-2018-11-21-19-38-26+0800__CAM_FRONT__1542800855912460.jpg,1510.4929624239558,1210.5956199404325,0.0,0.4723238113020165,0.004304328541596861,-0.0004355879978785658,-0.8814144883629034
scene-1094,samples/CAM_FRONT/n015-2018-11-21-19-38-26+0800__CAM_FRONT__1542800856412460.jpg,1509.1063726417774,1208.4172127234722,0.0,0.4983165258221596,0.006126140366192382,0.0038692124066139408,-0.866964901072759
scene-1094,samples/CAM_FRONT/n015-2018-11-21-19-38-26+0800__CAM_FRONT__1542800856912460.jpg,1507.6913282511528,1205.947686919945,0.0,0.5112068390486919,-0.003785078608669356,0.005084470282773737,-0.8594343424902883
scene-1094,samples/CAM_FRONT/n015-2018-11-21-19-38-26+0800__CAM_FRONT__1542800857412460.jpg,1506.2025609840148,1203.1786225959618,0.0,0.5190917896372811,-0.006911137300939486,0.005566779991168383,-0.8546724291053871
scene-1094,samples/CAM_FRONT/n015-2018-11-21-19-38-26+0800__CAM_FRONT__1542800857862460.jpg,1504.8856765068533,1200.623285589229,0.0,0.527008538409012,-0.007587847819936105,0.005710379500906231,-0.8498069289994135
scene-1094,samples/CAM_FRONT/n015-2018-11-21-19-38-26+0800__CAM_FRONT__1542800858362460.jpg,1503.354468716026,1197.511796443426,0.0,0.532975823923435,-0.01205703057791666,0.0029657031467929915,-0.8460393629918317
scene-1094,samples/CAM_FRONT/n015-2018-11-21-19-38-26+0800__CAM_FRONT__1542800858862460.jpg,1501.73200292972,1194.1622307680123,0.0,0.5354920652783857,-0.011580022447608009,-0.00011209893162168619,-0.8444608567232892
scene-1094,samples/CAM_FRONT/n015-2018-11-21-19-38-26+0800__CAM_FRONT__1542800859412460.jpg,1499.843439723989,1190.193618415936,0.0,0.5375438849269407,-0.009501816997808454,-0.0033630800794032974,-0.8431755315139141
scene-1094,samples/CAM_FRONT/n015-2018-11-21-19-38-26+0800__CAM_FRONT__1542800859912460.jpg,1498.0541724171708,1186.3895285752153,0.0,0.5394081516062883,-0.007675629281527663,-0.003261519540765991,-0.8420031432162856
scene-1094,samples/CAM_FRONT/n015-2018-11-21-19-38-26+0800__CAM_FRONT__1542800860412460.jpg,1496.1947279843544,1182.4384911170523,0.0,0.5374189847939792,-0.005908337552332256,-0.005046153162596022,-0.8432795874848603
scene-1094,samples/CAM_FRONT/n015-2018-11-21-19-38-26+0800__CAM_FRONT__1542800860912460.jpg,1494.2684377284731,1178.3843180842296,0.0,0.5358639336131629,-0.0066061492928944626,-0.0054653824944869344,-0.8442608205041477
scene-1094,samples/CAM_FRONT/n015-2018-11-21-19-38-26+0800__CAM_FRONT__1542800861412460.jpg,1492.2775743684501,1174.2243206905343,0.0,0.5341790539798762,-0.01577988497942717,0.005632497899592328,-0.84520530552441
scene-1094,samples/CAM_FRONT/n015-2018-11-21-19-38-26+0800__CAM_FRONT__1542800861912460.jpg,1490.2434695400125,1169.9680983125807,0.0,0.5341459602559089,-0.019705420363554726,0.0021429868367840573,-0.8451598648528017
scene-1094,samples/CAM_FRONT/n015-2018-11-21-19-38-26+0800__CAM_FRONT__1542800862412460.jpg,1488.1765114549485,1165.6458620095812,0.0,0.5337049458287946,-0.0167969604385551,-0.00031198930506671184,-0.8455038708253101
scene-1094,samples/CAM_FRONT/n015-2018-11-21-19-38-26+0800__CAM_FRONT__1542800862912460.jpg,1485.9893533560016,1161.1271921790433,0.0,0.5331712181794421,-0.020004675047647753,-0.002648762880467736,-0.845766663528713
scene-1094,samples/CAM_FRONT/n015-2018-11-21-19-38-26+0800__CAM_FRONT__1542800863412460.jpg,1483.69701116637,1156.385676484008,0.0,0.5329792301593783,-0.018460161279178797,-0.005698401755483307,-0.8459077318961541
scene-1094,samples/CAM_FRONT/n015-2018-11-21-19-38-26+0800__CAM_FRONT__1542800863912460.jpg,1481.312016303547,1151.525454809696,0.0,0.5321257536881643,-0.016293135254653597,-0.0025342228205034577,-0.8465047511503245
scene-1094,samples/CAM_FRONT/n015-2018-11-21-19-38-26+0800__CAM_FRONT__1542800864412460.jpg,1478.8654686665855,1146.4996630374712,0.0,0.5325639947867656,-0.016333523481183047,-0.0001540740341297855,-0.8462321098425916
scene-1094,samples/CAM_FRONT/n015-2018-11-21-19-38-26+0800__CAM_FRONT__1542800864912460.jpg,1476.341705261216,1141.3058556395615,0.0,0.5331467663536645,-0.017400598485165113,0.0003912059638389795,-0.8458437158582446
scene-1094,samples/CAM_FRONT/n015-2018-11-21-19-38-26+0800__CAM_FRONT__1542800865412815.jpg,1473.7340193744694,1135.9100437008456,0.0,0.5324903205069565,-0.01798588322569994,0.0004947661418921567,-0.8462448355986907
scene-1094,samples/CAM_FRONT/n015-2018-11-21-19-38-26+0800__CAM_FRONT__1542800865912460.jpg,1471.0734290716834,1130.4298396651457,0.0,0.5316227060155561,-0.01591962616245934,-0.0015435384910581131,-0.8468302553879802
scene-1094,samples/CAM_FRONT/n015-2018-11-21-19-38-26+0800__CAM_FRONT__1542800866412467.jpg,1468.327595002817,1124.8260866854646,0.0,0.5312558100151352,-0.015486106796898488,-0.0033600686669165583,-0.8470632531045077
scene-1094,samples/CAM_FRONT/n015-2018-11-21-19-38-26+0800__CAM_FRONT__1542800866912460.jpg,1465.565066812003,1119.2030529546691,0.0,0.531963168978628,-0.014640802446830688,0.000784846467107509,-0.8466405481489481
scene-1094,samples/CAM_FRONT/n015-2018-11-21-19-38-26+0800__CAM_FRONT__1542800867412460.jpg,1462.7728488064477,1113.500043059213,0.0,0.5322834723505881,-0.017188534807321673,-0.00043357166292826415,-0.8463915591197675
scene-1100,samples/CAM_FRONT/n015-2018-11-21-19-38-26+0800__CAM_FRONT__1542800987912460.jpg,1321.3907851121348,903.7547419105856,0.0,0.28419917427856795,0.02224594893192935,0.012069685932230515,-0.9584311502538905
scene-1100,samples/CAM_FRONT/n015-2018-11-21-19-38-26+0800__CAM_FRONT__1542800988412460.jpg,1321.3902716495259,903.7549498819621,0.0,0.2842632545130246,0.022277102583069256,0.012090414920355744,-0.9584111616113518
scene-1100,samples/CAM_FRONT/n015-2018-11-21-19-38-26+0800__CAM_FRONT__1542800988912460.jpg,1321.3899962764785,903.7552371148365,0.0,0.2842570639619447,0.022278701460969268,0.012100243850196292,-0.9584128364894293
scene-1100,samples/CAM_FRONT/n015-2018-11-21-19-38-26+0800__CAM_FRONT__1542800989412460.jpg,1321.389901091235,903.7555764132869,0.0,0.2842518696475184,0.022258948924577714,0.012060850609604159,-0.9584153325553781
scene-1100,samples/CAM_FRONT/n015-2018-11-21-19-38-26+0800__CAM_FRONT__1542800989912460.jpg,1321.3897402268121,903.7558166109015,0.0,0.2842323361624382,0.022236536013388708,0.012056427873491524,-0.9584217015973183
scene-1100,samples/CAM_FRONT/n015-2018-11-21-19-38-26+0800__CAM_FRONT__1542800990412460.jpg,1321.3897132734273,903.7560968584501,0.0,0.28423095578928337,0.022224992213992427,0.012048908126509779,-0.9584224732888715
scene-1100,samples/CAM_FRONT/n015-2018-11-21-19-38-26+0800__CAM_FRONT__1542800990912460.jpg,1321.3895872215603,903.7562713063189,0.0,0.28423503446120457,0.022226770447516798,0.012045806180031276,-0.9584212614574994
scene-1100,samples/CAM_FRONT/n015-2018-11-21-19-38-26+0800__CAM_FRONT__1542800991412460.jpg,1321.389492383224,903.7564297177983,0.0,0.2842138147570603,0.022218612759550047,0.011985301465037745,-0.9584285019223254
scene-1100,samples/CAM_FRONT/n015-2018-11-21-19-38-26+0800__CAM_FRONT__1542800991912460.jpg,1321.3895491595936,903.7566559053917,0.0,0.2841990068507292,0.022231534185817095,0.011958140186734315,-0.958432932591571
scene-1100,samples/CAM_FRONT/n015-2018-11-21-19-38-26+0800__CAM_FRONT__1542800992412460.jpg,1321.3899059554615,903.7570494622028,0.0,0.2839421909054969,0.02193355877764799,0.01202705230550115,-0.9585150500831872
scene-1100,samples/CAM_FRONT/n015-2018-11-21-19-38-26+0800__CAM_FRONT__1542800992862460.jpg,1321.396508467637,903.7614467905235,0.0,0.2821263937560255,0.02170394026627055,0.011746513002974529,-0.9590597772586488
scene-1100,samples/CAM_FRONT/n015-2018-11-21-19-38-26+0800__CAM_FRONT__1542800993362460.jpg,1321.3538562394451,903.7350746885193,0.0,0.2797876763812351,0.022489178427247635,0.011598670355865991,-0.9597283802435107
scene-1100,samples/CAM_FRONT/n015-2018-11-21-19-38-26+0800__CAM_FRONT__1542800993862460.jpg,1321.332195026404,903.7243826640731,0.0,0.28056197520067755,0.021909184945246407,0.012013340575171314,-0.9595106280467947
scene-1100,samples/CAM_FRONT/n015-2018-11-21-19-38-26+0800__CAM_FRONT__1542800994362460.jpg,1321.3309618500052,903.7263083660748,0.0,0.2806284466005503,0.021879285253365133,0.012014114934138263,-0.9594918618090063
scene-1100,samples/CAM_FRONT/n015-2018-11-21-19-38-26+0800__CAM_FRONT__1542800994862460.jpg,1321.330238134813,903.7281802502812,0.0,0.28060537300018035,0.021871064975536682,0.012025657930087155,-0.9594986527930167
scene-1100,samples/CAM_FRONT/n015-2018-11-21-19-38-26+0800__CAM_FRONT__1542800995362460.jpg,1321.3295102446655,903.7297213871032,0.0,0.28056425121491635,0.02180515168870363,0.012050159816372141,-0.9595118706657287
scene-1100,samples/CAM_FRONT/n015-2018-11-21-19-38-26+0800__CAM_FRONT__1542800995862460.jpg,1321.3296193046922,903.7315156096186,0.0,0.2801264053143897,0.021538145173224853,0.012007831375033542,-0.9596463501383226
scene-1100,samples/CAM_FRONT/n015-2018-11-21-19-38-26+0800__CAM_FRONT__1542800996412460.jpg,1321.3297039813276,903.7332180629021,0.0,0.27658603957538086,0.021336710701498965,0.011812606914747975,-0.9606796395293928
scene-1100,samples/CAM_FRONT/n015-2018-11-21-19-38-26+0800__CAM_FRONT__1542800996912460.jpg,1321.235039730277,903.6754344268666,0.0,0.27109935938316765,0.022109713177338893,0.011598134507655438,-0.9622275101041303
scene-1100,samples/CAM_FRONT/n015-2018-11-21-19-38-26+0800__CAM_FRONT__1542800997412460.jpg,1321.1930689041164,903.6496288549779,0.0,0.27146387130477767,0.021810352099946147,0.011882589218446725,-0.9621280991588205
scene-1100,samples/CAM_FRONT/n015-2018-11-21-19-38-26+0800__CAM_FRONT__1542800997912460.jpg,1321.1960424843353,903.6513633664076,0.0,0.2710049158320225,0.021244421773875432,0.011896048650911161,-0.9622699694809492
scene-1100,samples/CAM_FRONT/n015-2018-11-21-19-38-26+0800__CAM_FRONT__1542800998362460.jpg,1321.1988276286133,903.6529812015633,0.0,0.26674178375772056,0.020588299258433647,0.011963827572174781,-0.9634738240145491
scene-1100,samples/CAM_FRONT/n015-2018-11-21-19-38-26+0800__CAM_FRONT__1542800998912460.jpg,1321.020919974797,903.5505055910899,0.0,0.24770763327789813,0.021382879294819475,0.010237461414775585,-0.9685447306514585
scene-1100,samples/CAM_FRONT/n015-2018-11-21-19-38-26+0800__CAM_FRONT__1542800999412460.jpg,1320.7339144795026,903.4007407250344,0.0,0.22749759677424386,0.022612590953232575,0.00836529742091597,-0.9734801158685189
scene-1100,samples/CAM_FRONT/n015-2018-11-21-19-38-26+0800__CAM_FRONT__1542800999912460.jpg,1320.5222592899274,903.2989721186718,0.0,0.21820635754254558,0.02315370989164405,0.007321593565751939,-0.9756004743305153
scene-1100,samples/CAM_FRONT/n015-2018-11-21-19-38-26+0800__CAM_FRONT__1542801000412460.jpg,1320.4719257457,903.2759399834208,0.0,0.21901205423649184,0.02237575005994536,0.007935055458338607,-0.9754332784989653
scene-1100,samples/CAM_FRONT/n015-2018-11-21-19-38-26+0800__CAM_FRONT__1542801000912460.jpg,1320.480551214317,903.2803984958755,0.0,0.21837631885571512,0.022014033266040324,0.007865548445115278,-0.9755845933849336
scene-1100,samples/CAM_FRONT/n015-2018-11-21-19-38-26+0800__CAM_FRONT__1542801001412460.jpg,1320.4855013981337,903.2828388226983,0.0,0.21786294592426636,0.02195692760803717,0.0078719986442831,-0.9757006004715587
scene-1100,samples/CAM_FRONT/n015-2018-11-21-19-38-26+0800__CAM_FRONT__1542801001912460.jpg,1320.4877358409196,903.283928835592,0.0,0.21762319694648768,0.021953457446210797,0.007819585534390102,-0.9757546023150587
scene-1100,samples/CAM_FRONT/n015-2018-11-21-19-38-26+0800__CAM_FRONT__1542801002412460.jpg,1320.4888883894969,903.2844921879625,0.0,0.21746954091349036,0.021904508876072266,0.007775021503176733,-0.9757903157473944
scene-1100,samples/CAM_FRONT/n015-2018-11-21-19-38-26+0800__CAM_FRONT__1542801002912460.jpg,1320.489454270064,903.284774310956,0.0,0.21739508965388443,0.021878556537262235,0.007772143994665483,-0.9758075104937202
scene-1100,samples/CAM_FRONT/n015-2018-11-21-19-38-26+0800__CAM_FRONT__1542801003412460.jpg,1320.4896395694063,903.2848750238795,0.0,0.21740486514977936,0.02191324691919968,0.0077799427613856305,-0.9758044920522215
scene-1100,samples/CAM_FRONT/n015-2018-11-21-19-38-26+0800__CAM_FRONT__1542801003912460.jpg,1320.4897794547346,903.2849523750208,0.0,0.21737590420398095,0.021894105213996675,0.007773521498098528,-0.9758114248111154
scene-1100,samples/CAM_FRONT/n015-2018-11-21-19-38-26+0800__CAM_FRONT__1542801004412460.jpg,1320.4899583850263,903.2850463119662,0.0,0.21735685498474494,0.021937752894129452,0.007799281120132681,-0.9758144822675598
scene-1100,samples/CAM_FRONT/n015-2018-11-21-19-38-26+0800__CAM_FRONT__1542801004912460.jpg,1320.489957932285,903.2850547765918,0.0,0.21734309365191073,0.021992156775899035,0.007834279163139581,-0.9758160424752996
scene-1100,samples/CAM_FRONT/n015-2018-11-21-19-38-26+0800__CAM_FRONT__1542801005412460.jpg,1320.4899452748148,903.2850563136446,0.0,0.2173624027522471,0.0220211325098037,0.007829573510774547,-0.9758111258698556
scene-1100,samples/CAM_FRONT/n015-2018-11-21-19-38-26+0800__CAM_FRONT__1542801005912460.jpg,1320.4899552859763,903.285067411987,0.0,0.2173696582699145,0.022044746976610997,0.007816378822793938,-0.9758090822576186
scene-1100,samples/CAM_FRONT/n015-2018-11-21-19-38-26+0800__CAM_FRONT__1542801006412460.jpg,1320.4898247156043,903.2850117834264,0.0,0.21735952735696662,0.022017447754093287,0.007775082099422286,-0.9758122852064834
scene-1100,samples/CAM_FRONT/n015-2018-11-21-19-38-26+0800__CAM_FRONT__1542801006912460.jpg,1320.4899786154192,903.2850886574338,0.0,0.21733326855934648,0.022030758192396666,0.007749149868896642,-0.9758180397733425
scene-1100,samples/CAM_FRONT/n015-2018-11-21-19-38-26+0800__CAM_FRONT__1542801007412469.jpg,1320.4900188258903,903.2851115847316,0.0,0.2173246539643342,0.02206555565007964,0.007749089382206375,-0.9758191726169776
