Time (s),Steering Angle (radians)
0.0,2.7331856086231183
0.00916,2.7454029133870756
0.019503,2.7628562059070187
0.029027,2.7785641691749694
0.039265,2.79427213244292
0.049889,2.8099800957108707
0.059491,2.825688058978821
0.069988,2.8413960222467636
0.079981,2.8553586562627213
0.08954,2.8693212902786795
0.099858,2.8850292535466218
0.109374,2.9024825460665653
0.119128,2.918190509334516
0.129682,2.933898472602466
0.139687,2.949606435870417
0.149957,2.9670597283903604
0.159544,2.9845130209103035
0.169041,2.996730325674261
0.179607,3.014183618194204
0.188995,3.0298915814621545
0.199517,3.045599544730105
0.209085,3.0613075079980554
0.21994,3.0752701420140056
0.229896,3.0892327760299634
0.239256,3.104940739297914
0.249482,3.115412714809878
0.260017,3.1293753488258282
0.269419,3.143337982841786
0.278993,3.1573006168577438
0.289934,3.1695179216217007
0.299948,3.183480555637659
0.309576,3.1956978604016157
0.319959,3.2096604944175735
0.329326,3.221877799181531
0.338944,3.2323497746934953
0.349489,3.246312408709453
0.359084,3.2567843842214175
0.369923,3.2690016889853744
0.379825,3.2812189937493397
0.389089,3.291690969261304
0.399645,3.303908274025261
0.409195,3.3161255787892263
0.419768,3.3265975543011908
0.429284,3.3388148590651476
0.43989,3.34928683457712
0.449201,3.36324946859307
0.459992,3.3754667733570347
0.469055,3.385938748868999
0.480138,3.3964107243809636
0.488917,3.4103733583969214
0.499464,3.4225906631608787
0.50987,3.4313173094208502
0.519893,3.4417892849328147
0.538959,3.4627332359567515
0.549485,3.473205211468716
0.559257,3.4819318577286875
0.569828,3.492403833240652
0.579377,3.5011304795006235
0.589866,3.5081117965086026
0.599747,3.5150931135165813
0.609239,3.5255650890285457
0.619504,3.532546406036525
0.628955,3.5395277230444955
0.639515,3.5465090400524746
0.649039,3.5534903570604532
0.659872,3.556981015564439
0.668976,3.5622170033204252
0.679363,3.567452991076411
0.689841,3.570943649580397
0.69913,3.576179637336383
0.709865,3.581415625092361
0.719338,3.5849062835963545
0.729819,3.5866516128483474
0.73961,3.5901422713523328
0.748898,3.593632929856326
0.759517,3.595378259108319
0.769293,3.5971235883603114
0.779763,3.5988689176123043
0.789325,3.600614246864297
0.79981,3.600614246864297
0.809797,3.600614246864297
0.8192,3.6023595761162976
0.829514,3.600614246864297
0.839826,3.6023595761162976
0.849384,3.6023595761162976
0.859486,3.6023595761162976
0.86953,3.6023595761162976
0.879797,3.6023595761162976
0.890123,3.600614246864297
0.899401,3.600614246864297
0.909757,3.6023595761162976
0.919463,3.6023595761162976
0.928866,3.6023595761162976
0.939488,3.6023595761162976
0.949758,3.6023595761162976
0.959681,3.6023595761162976
0.969598,3.6023595761162976
0.979287,3.6023595761162976
0.988792,3.6023595761162976
1.009114,3.6023595761162976
1.019776,3.6023595761162976
1.029768,3.6023595761162976
1.038775,3.6023595761162976
1.049546,3.6023595761162976
1.059708,3.6023595761162976
1.069243,3.6023595761162976
1.078777,3.6023595761162976
1.089317,3.600614246864297
1.099727,3.600614246864297
1.108796,3.600614246864297
1.119422,3.6023595761162976
1.139733,3.6023595761162976
1.149387,3.6023595761162976
1.158931,3.6023595761162976
1.169715,3.6023595761162976
1.17967,3.6023595761162976
1.189041,3.6023595761162976
1.199709,3.6023595761162976
1.209109,3.6023595761162976
1.21956,3.6023595761162976
1.229085,3.6023595761162976
1.239714,3.6023595761162976
1.249712,3.6023595761162976
1.259209,3.6023595761162976
1.269319,3.6023595761162976
1.279634,3.6023595761162976
1.28909,3.6023595761162976
1.29901,3.6023595761162976
1.309588,3.6023595761162976
1.319693,3.6023595761162976
1.328872,3.6023595761162976
1.339189,3.6023595761162976
1.349691,3.6023595761162976
1.359113,3.6023595761162976
1.36973,3.6023595761162976
1.379232,3.6023595761162976
1.389664,3.6023595761162976
1.398714,3.6023595761162976
1.409347,3.6023595761162976
1.418869,3.600614246864297
1.429163,3.600614246864297
1.4387,3.600614246864297
1.449245,3.5988689176123043
1.462557,3.5988689176123043
1.469114,3.5971235883603114
1.47948,3.595378259108319
1.488761,3.593632929856326
1.499044,3.593632929856326
1.509557,3.5918876006043257
1.51909,3.5918876006043257
1.528707,3.5918876006043257
1.53963,3.58839694210034
1.549494,3.5866516128483474
1.558866,3.5849062835963545
1.569394,3.5831609543443537
1.579276,3.581415625092361
1.588819,3.5779249665883754
1.599374,3.576179637336383
1.609008,3.5726889788323892
1.618791,3.570943649580397
1.629377,3.567452991076411
1.638878,3.5639623325724177
1.649471,3.5604716740684323
1.659639,3.556981015564439
1.669642,3.555235686312446
1.679607,3.549999698556468
1.689042,3.548254369304467
1.699416,3.543018381548489
1.708932,3.537782393792503
1.719779,3.5342917352885173
1.729027,3.529055747532531
1.749581,3.516838442768574
1.759585,3.511602455012588
1.769007,3.5081117965086026
1.779411,3.5011304795006235
1.788885,3.4941491624926444
1.799232,3.4871678454846657
1.808706,3.4801865284766946
1.81959,3.473205211468716
1.829571,3.464478565208744
1.838897,3.4557519189487724
1.849277,3.447025272688801
1.866411,3.4400439556808218
1.869031,3.429571980168858
1.879578,3.4191000046568933
1.889179,3.408628029144921
1.899562,3.3981560536329565
1.909109,3.387684078120992
1.919537,3.3772121026090276
1.928956,3.3649947978450627
1.939258,3.356268151585091
1.948782,3.344050846821134
1.959563,3.3318335420571765
1.969553,3.3178709080412188
1.979557,3.305653603277262
1.989104,3.2899456400093112
1.999502,3.2742376767413606
2.008928,3.25852971347341
2.019514,3.241076420953467
2.029054,3.227113786937517
2.038621,3.207915165165573
2.049492,3.186971214141644
2.059139,3.1660272631177153
2.069506,3.1450833120937784
2.078821,3.122394031817857
2.089034,3.1014500807939203
2.098563,3.078760800517999
2.109182,3.059562178746055
2.119509,3.036872898470133
2.129064,3.012438288942211
2.139411,2.9862583501622963
2.148683,2.9583330821303884
2.158908,2.9321531433504737
2.16867,2.9042278753185657
2.179261,2.8797932657906435
2.189481,2.851867997758736
2.199466,2.8291787174828067
2.209197,2.8012534494508987
2.218487,2.769837522914998
2.229024,2.7401669256310974
2.239521,2.710496328347189
2.248975,2.6808257310632886
2.258695,2.652900463031381
2.269162,2.6214845364954797
2.279024,2.5970499269675575
2.289316,2.5656340004316642
2.299043,2.5359634031477563
2.308566,2.5010568181078696
2.319015,2.4696408915719763
2.328546,2.438224965036075
2.339426,2.406809038500182
2.349243,2.3771384412162737
2.358629,2.3457225146803804
2.369123,2.3195425759004658
2.37941,2.2863813201125716
2.389056,2.2549653935766707
2.399055,2.221804137788777
2.40883,2.1921335405048765
2.419412,2.162462943220976
2.429199,2.129301687433082
2.438509,2.096140431645188
2.448982,2.0682151636132806
2.458834,2.0367992370773793
2.468979,2.007128639793479
2.478571,1.9739673840055851
2.489396,1.9442967867216847
2.499264,1.911135530933791
2.508561,1.8814649336498825
2.519035,1.8483036778619966
2.528419,1.8151424220741028
2.538997,1.7907078125461806
2.548617,1.7592918860102795
2.559432,1.729621288726379
2.569082,1.6999506914424785
2.578948,1.6685347649065774
2.588719,1.6353735091186836
2.5992,1.6039575825827905
2.608922,1.5707963267948966
2.618452,1.5463617172669744
2.629375,1.5149457907310733
2.639101,1.4870205226991655
2.648885,1.4556045961632724
2.659191,1.4224433403753787
2.668535,1.3910274138394774
2.679207,1.3596114873035843
2.688713,1.3316862192716687
2.699339,1.3002702927357754
2.709338,1.2775810124598461
2.719293,1.2479104151759457
2.730485,1.2182398178920373
2.739142,1.1885692206081369
2.748506,1.1588986233242364
2.759354,1.1309733552923207
2.768863,1.1047934165124058
2.779326,1.076868148480498
2.789469,1.057669526708562
2.798466,1.0314895879286472
2.808787,1.007054978400725
2.819062,0.98087503962081
2.8288,0.9564404300928878
2.838379,0.9320058205649736
2.849301,0.9093165402890441
2.8611,0.8883725892651153
2.868896,0.8726646259971648
2.879197,0.851720674973228
2.88847,0.832522053201292
2.899038,0.813323431429356
2.908498,0.7923794804054272
2.919303,0.7731808586334832
2.929293,0.7522369076095544
2.938337,0.7312929565856257
2.948698,0.7120943348136817
2.958955,0.6981317007977318
2.968518,0.6789330790257958
2.97916,0.6597344572538518
2.988748,0.6422811647339085
2.999836,0.6230825429619725
3.008391,0.6073745796940219
3.018717,0.5899212871740787
3.029191,0.5724679946541353
3.038817,0.5602506898901782
3.048374,0.5445427266222277
3.058979,0.5270894341022844
3.069295,0.5113814708343338
3.07927,0.49567350756639117
3.088533,0.48171087355043335
3.098845,0.46774823953447553
3.109136,0.4537856055185257
3.119153,0.4415683007545606
3.130192,0.43284165449458895
3.139264,0.41713369122664634
3.149243,0.4049163864626813
3.158651,0.3909537524467314
3.16908,0.3752457891787809
3.17827,0.36128315516282306
3.188864,0.3473205211468732
3.198445,0.3351032163829081
3.208438,0.3246312408709437
3.21954,0.3106686068549859
3.22851,0.29670597283903605
3.238742,0.2827433388230782
3.249003,0.2670353755551277
3.25846,0.2530727415391778
3.268947,0.23911010752321998
3.278488,0.22689280275926285
3.289206,0.21293016874330503
3.298438,0.20245819323134065
3.309287,0.18849555921538283
3.318714,0.1762782544514257
3.32908,0.16231562043546788
3.339688,0.1518436449235035
3.348455,0.13962634015954636
3.3599,0.12915436464758198
3.369195,0.12042771838761032
3.378648,0.11170107212763868
3.388977,0.10297442586766703
3.398505,0.09424777960769538
3.409227,0.08377580409572305
3.418748,0.0750491578357514
3.428333,0.06632251157577976
3.439172,0.05759586531580811
3.448531,0.048869219055836466
3.459135,0.041887902047865494
3.468466,0.036651914291879334
3.47893,0.029670597283900427
3.499203,0.01919862177193604
3.50904,0.013962634015949875
3.518268,0.01047197551196439
3.528629,0.006981317007978906
3.539173,0.005235987755978226
3.548818,0.001745329251992742
3.55834,0.001745329251992742
3.568963,0.0
3.579144,-0.001745329251992742
3.589141,-0.001745329251992742
3.598476,-0.001745329251992742
3.608802,-0.001745329251992742
3.619115,-0.001745329251992742
3.628663,-0.001745329251992742
3.638206,-0.003490658503993421
3.649125,-0.003490658503993421
3.668592,-0.006981317007978906
3.678965,-0.006981317007978906
3.688731,-0.006981317007978906
3.699119,-0.006981317007978906
3.708642,-0.006981317007978906
3.718221,-0.006981317007978906
3.739073,-0.006981317007978906
3.748391,-0.006981317007978906
3.758777,-0.006981317007978906
3.768194,-0.006981317007978906
3.77897,-0.006981317007978906
3.788609,-0.006981317007978906
3.799087,-0.006981317007978906
3.809095,-0.006981317007978906
3.81852,-0.006981317007978906
3.828848,-0.006981317007978906
3.838191,-0.006981317007978906
3.84822,-0.006981317007978906
3.862481,-0.008726646259971648
3.868656,-0.008726646259971648
3.879113,-0.01047197551196439
3.888462,-0.01047197551196439
3.898773,-0.01047197551196439
3.909093,-0.01047197551196439
3.918516,-0.01047197551196439
3.929082,-0.01047197551196439
3.938712,-0.01047197551196439
3.949037,-0.01047197551196439
3.958684,-0.01047197551196439
3.969169,-0.01047197551196439
3.978359,-0.01047197551196439
3.988801,-0.01047197551196439
3.998299,-0.01047197551196439
4.008172,-0.01047197551196439
4.01904,-0.01047197551196439
4.029015,-0.01047197551196439
4.038438,-0.01047197551196439
4.048674,-0.01047197551196439
4.068797,-0.012217304763965068
4.07822,-0.012217304763965068
4.088899,-0.01047197551196439
4.099058,-0.01047197551196439
4.10842,-0.012217304763965068
4.1187,-0.012217304763965068
4.128256,-0.01047197551196439
4.138662,-0.012217304763965068
4.148234,-0.012217304763965068
4.159001,-0.01047197551196439
4.168995,-0.012217304763965068
4.178764,-0.01047197551196439
4.18819,-0.012217304763965068
4.198704,-0.01047197551196439
4.208062,-0.01047197551196439
4.218616,-0.012217304763965068
4.228299,-0.01047197551196439
4.238253,-0.012217304763965068
4.248976,-0.012217304763965068
4.258487,-0.012217304763965068
4.268777,-0.012217304763965068
4.278268,-0.012217304763965068
4.288985,-0.012217304763965068
4.298571,-0.012217304763965068
4.308199,-0.013962634015957811
4.318977,-0.013962634015957811
4.328482,-0.013962634015957811
4.338866,-0.015707963267950553
4.348438,-0.015707963267950553
4.358948,-0.015707963267950553
4.368482,-0.017453292519943295
4.378109,-0.017453292519943295
4.388059,-0.017453292519943295
4.39883,-0.017453292519943295
4.408233,-0.017453292519943295
4.418555,-0.017453292519943295
4.428943,-0.017453292519943295
4.438816,-0.017453292519943295
4.448427,-0.017453292519943295
4.458943,-0.017453292519943295
4.470294,-0.017453292519943295
4.478262,-0.017453292519943295
4.488661,-0.017453292519943295
4.498929,-0.017453292519943295
4.508556,-0.017453292519943295
4.518118,-0.017453292519943295
4.528957,-0.017453292519943295
4.538163,-0.017453292519943295
4.548106,-0.017453292519943295
4.558456,-0.017453292519943295
4.568819,-0.017453292519943295
4.578339,-0.017453292519943295
4.588322,-0.017453292519943295
4.598893,-0.017453292519943295
4.608892,-0.017453292519943295
4.618872,-0.017453292519943295
4.628257,-0.017453292519943295
4.638644,-0.017453292519943295
4.648303,-0.015707963267950553
4.658858,-0.017453292519943295
4.668489,-0.017453292519943295
4.678877,-0.017453292519943295
4.687959,-0.017453292519943295
4.698047,-0.017453292519943295
4.708448,-0.017453292519943295
4.718817,-0.017453292519943295
4.728304,-0.017453292519943295
4.738893,-0.017453292519943295
4.748537,-0.015707963267950553
4.758891,-0.017453292519943295
4.768405,-0.017453292519943295
4.77871,-0.017453292519943295
4.788291,-0.017453292519943295
4.798796,-0.017453292519943295
4.808334,-0.017453292519943295
4.817889,-0.017453292519943295
4.827946,-0.015707963267950553
4.837933,-0.017453292519943295
4.848327,-0.017453292519943295
4.858684,-0.017453292519943295
4.868033,-0.017453292519943295
4.878501,-0.017453292519943295
4.888139,-0.015707963267950553
4.898828,-0.017453292519943295
4.907979,-0.017453292519943295
4.918137,-0.017453292519943295
4.928556,-0.015707963267950553
4.937894,-0.017453292519943295
4.948637,-0.017453292519943295
4.958191,-0.017453292519943295
4.968792,-0.017453292519943295
4.978808,-0.017453292519943295
4.988385,-0.017453292519943295
4.998706,-0.017453292519943295
5.008037,-0.015707963267950553
5.018568,-0.017453292519943295
5.028151,-0.017453292519943295
5.038719,-0.017453292519943295
5.047867,-0.017453292519943295
5.058012,-0.017453292519943295
5.068447,-0.017453292519943295
5.078737,-0.017453292519943295
5.088608,-0.017453292519943295
5.098145,-0.015707963267950553
5.108762,-0.017453292519943295
5.118819,-0.017453292519943295
5.12789,-0.015707963267950553
5.138707,-0.017453292519943295
5.14808,-0.017453292519943295
5.158434,-0.017453292519943295
5.167979,-0.017453292519943295
5.178766,-0.015707963267950553
5.188354,-0.017453292519943295
5.198747,-0.017453292519943295
5.208236,-0.015707963267950553
5.218615,-0.017453292519943295
5.228248,-0.017453292519943295
5.238744,-0.017453292519943295
5.248315,-0.017453292519943295
5.257882,-0.017453292519943295
5.267933,-0.017453292519943295
5.278063,-0.017453292519943295
5.288461,-0.017453292519943295
5.297762,-0.015707963267950553
5.30823,-0.015707963267950553
5.31775,-0.015707963267950553
5.327836,-0.015707963267950553
5.338713,-0.013962634015957811
5.348252,-0.015707963267950553
5.358291,-0.013962634015957811
5.368667,-0.013962634015957811
5.377952,-0.013962634015957811
5.387971,-0.012217304763965068
5.398499,-0.012217304763965068
5.408069,-0.012217304763965068
5.418688,-0.012217304763965068
5.428469,-0.012217304763965068
5.437774,-0.012217304763965068
5.448044,-0.012217304763965068
5.458581,-0.012217304763965068
5.468177,-0.012217304763965068
5.477735,-0.012217304763965068
5.48799,-0.012217304763965068
5.49813,-0.012217304763965068
5.508571,-0.012217304763965068
5.517907,-0.012217304763965068
5.537839,-0.012217304763965068
5.548387,-0.012217304763965068
5.558663,-0.012217304763965068
5.567907,-0.012217304763965068
5.578353,-0.012217304763965068
5.587955,-0.012217304763965068
5.598178,-0.012217304763965068
5.607741,-0.012217304763965068
5.618302,-0.012217304763965068
5.628384,-0.012217304763965068
5.638646,-0.012217304763965068
5.648412,-0.012217304763965068
5.65779,-0.012217304763965068
5.668307,-0.012217304763965068
5.67778,-0.012217304763965068
5.688389,-0.012217304763965068
5.697863,-0.012217304763965068
5.707921,-0.012217304763965068
5.718224,-0.012217304763965068
5.72783,-0.012217304763965068
5.738132,-0.012217304763965068
5.748783,-0.012217304763965068
5.7583,-0.012217304763965068
5.767872,-0.012217304763965068
5.778625,-0.01047197551196439
5.788528,-0.008726646259971648
5.808402,-0.0052359877559861635
5.817724,-0.003490658503993421
5.82835,-0.003490658503993421
5.837843,0.0
5.848439,0.001745329251992742
5.858589,0.003490658503985484
5.868474,0.006981317007978906
5.877808,0.006981317007978906
5.888214,0.008726646259971648
5.897667,0.008726646259971648
5.908216,0.008726646259971648
5.917823,0.008726646259971648
5.927797,0.008726646259971648
5.93827,0.008726646259971648
5.94867,0.01047197551196439
5.958028,0.008726646259971648
5.968651,0.008726646259971648
5.978169,0.008726646259971648
5.998573,0.008726646259971648
6.008314,0.008726646259971648
6.017687,0.006981317007978906
6.028255,0.005235987755978226
6.038568,0.003490658503985484
6.04825,0.001745329251992742
6.057811,0.0
6.067984,-0.003490658503993421
6.078565,-0.003490658503993421
6.088511,-0.006981317007978906
6.097863,-0.008726646259971648
6.108261,-0.01047197551196439
6.117695,-0.013962634015957811
6.137929,-0.015707963267950553
6.147624,-0.01919862177193604
6.157611,-0.020943951023936716
6.168068,-0.02268928027592946
6.178326,-0.024434609527922202
6.188129,-0.026179938779914945
6.197617,-0.027925268031907684
6.20824,-0.029670597283908366
6.218511,-0.031415926535901105
6.228115,-0.03316125578789385
6.238511,-0.03490658503988659
6.247956,-0.036651914291879334
6.267887,-0.04014257279587275
6.278495,-0.041887902047865494
6.287947,-0.04363323129985824
6.298503,-0.04537856055185098
6.308611,-0.04712388980385166
6.317981,-0.05061454830783715
6.328509,-0.05061454830783715
6.338054,-0.05235987755982989
6.347674,-0.054105206811822626
6.358282,-0.05585053606382331
6.369696,-0.05759586531581605
6.378364,-0.061086523819801536
6.388098,-0.06283185307179427
6.398269,-0.06457718232379496
6.4079,-0.0663225115757877
6.418413,-0.0663225115757877
6.428016,-0.06981317007977318
6.438467,-0.07155849933176592
6.448426,-0.0733038285837666
6.458552,-0.07679448708775209
6.468338,-0.08028514559173758
6.477577,-0.08028514559173758
6.489885,-0.08203047484373825
6.497642,-0.08377580409573099
6.507964,-0.08726646259971647
6.518445,-0.08901179185170922
6.52788,-0.09250245035570263
6.538202,-0.09250245035570263
6.547722,-0.09424777960769538
6.558496,-0.09424777960769538
6.56797,-0.09424777960769538
6.578428,-0.09424777960769538
6.588016,-0.09424777960769538
6.598438,-0.09250245035570263
6.60783,-0.09250245035570263
6.618113,-0.09424777960769538
6.62767,-0.09424777960769538
6.638196,-0.09250245035570263
6.647946,-0.09250245035570263
6.658422,-0.09250245035570263
6.668559,-0.09250245035570263
6.677924,-0.09250245035570263
6.688302,-0.09250245035570263
6.697599,-0.09250245035570263
6.708528,-0.0907571211037099
6.718109,-0.09250245035570263
6.727973,-0.0907571211037099
6.737591,-0.09250245035570263
6.748169,-0.09250245035570263
6.75746,-0.09250245035570263
6.767747,-0.09250245035570263
6.778363,-0.09250245035570263
6.788805,-0.0907571211037099
6.7984,-0.09250245035570263
6.80794,-0.09250245035570263
6.818286,-0.09250245035570263
6.827631,-0.09250245035570263
6.83811,-0.09250245035570263
6.847865,-0.09250245035570263
6.86803,-0.09424777960769538
6.878362,-0.09424777960769538
6.888031,-0.09599310885968812
6.897525,-0.09773843811168087
6.908092,-0.09948376736368154
6.917471,-0.1012290966156743
6.928088,-0.10297442586766703
6.937613,-0.10471975511965978
6.947817,-0.10995574287564594
6.957618,-0.11344640137963143
6.967986,-0.11693705988362484
6.978218,-0.12217304763960307
6.987738,-0.12740903539558923
6.997546,-0.13264502315156745
7.018375,-0.14311699866353977
7.027892,-0.14835298641951802
7.037793,-0.1553343034274969
7.048099,-0.1605702911834831
7.057379,-0.16755160819145404
7.068163,-0.17278759594744023
7.077665,-0.1797689129554191
7.088347,-0.18500490071139736
7.098332,-0.18849555921539077
7.108343,-0.19547687622336968
7.117718,-0.2007128639793479
7.128174,-0.2076941809873268
7.13759,-0.21467549799530572
7.148116,-0.2216568150032846
7.158451,-0.22689280275926285
7.167927,-0.232128790515249
7.177635,-0.23736477827122723
7.189248,-0.2426007660272134
7.197776,-0.2495820830351923
7.208075,-0.2548180707911705
7.217608,-0.2600540585471567
7.227695,-0.26529004630314285
7.238275,-0.27052603405912107
7.247896,-0.27576202181510723
7.267897,-0.2844886680750789
7.278273,-0.2879793265790644
7.287793,-0.29321531433505055
7.297308,-0.29845130209102877
7.307958,-0.3019419605950222
7.318268,-0.30717794835100043
7.328131,-0.3124139361069866
7.337443,-0.31764992386297275
7.34771,-0.32114058236695825
7.358129,-0.3246312408709437
7.367684,-0.32812189937493713
7.378235,-0.33335788713091535
7.388499,-0.335103216382916
7.397695,-0.3385938748869015
7.40807,-0.342084533390887
7.417569,-0.34557519189488045
7.427887,-0.3490658503988659
7.437397,-0.35255650890285933
7.448044,-0.35430183815485206
7.458253,-0.35779249665883756
7.467955,-0.361283155162831
7.477892,-0.36477381366681644
7.488225,-0.36826447217080194
7.49776,-0.3717551306747954
7.508216,-0.3752457891787809
7.517708,-0.38048177693476704
7.528408,-0.38222710618675976
7.538196,-0.38571776469074526
7.548223,-0.38920842319473864
7.557518,-0.3944444109507169
7.567798,-0.3979350694547103
7.578198,-0.4014257279586958
7.597259,-0.41015237421866746
7.607871,-0.41364303272266084
7.617793,-0.41713369122664634
7.628318,-0.42062434973063184
7.637584,-0.4241150082346253
7.648079,-0.425860337486618
7.657626,-0.4293509959906035
7.668203,-0.4328416544945969
7.678208,-0.4363323129985824
7.687822,-0.4380776422505751
7.698177,-0.44156830075456854
7.707686,-0.44331363000656127
7.718193,-0.44505895925855404
7.728391,-0.44680428851054677
7.737236,-0.4485496177625475
7.747983,-0.4502949470145402
7.757225,-0.4520402762665329
7.768074,-0.4537856055185257
7.777579,-0.4537856055185257
7.788791,-0.4555309347705184
7.797733,-0.4555309347705184
7.80765,-0.4572762640225191
7.817216,-0.4572762640225191
7.828312,-0.4572762640225191
7.837877,-0.45902159327451186
7.847446,-0.45902159327451186
7.857912,-0.45902159327451186
7.868348,-0.45902159327451186
7.877978,-0.45902159327451186
7.88753,-0.45902159327451186
7.897406,-0.45902159327451186
7.907906,-0.45902159327451186
7.918039,-0.45902159327451186
7.927541,-0.45902159327451186
7.937798,-0.45902159327451186
7.947484,-0.45902159327451186
7.958034,-0.45902159327451186
7.967647,-0.45902159327451186
7.977169,-0.45902159327451186
7.988097,-0.45902159327451186
7.998086,-0.45902159327451186
8.007666,-0.45902159327451186
8.018093,-0.45902159327451186
8.027617,-0.45902159327451186
8.037248,-0.45902159327451186
8.047838,-0.45902159327451186
8.057972,-0.45902159327451186
8.067338,-0.45902159327451186
8.077808,-0.45902159327451186
8.087156,-0.45902159327451186
8.097681,-0.45902159327451186
8.108298,-0.45902159327451186
8.118075,-0.45902159327451186
8.127971,-0.45902159327451186
8.137333,-0.45902159327451186
8.147788,-0.45902159327451186
8.158054,-0.45902159327451186
8.16771,-0.45902159327451186
8.17726,-0.45902159327451186
8.187942,-0.4572762640225191
8.197165,-0.45902159327451186
8.208156,-0.45902159327451186
8.21752,-0.45902159327451186
8.228005,-0.45902159327451186
8.237462,-0.45902159327451186
8.247438,-0.45902159327451186
8.258225,-0.45902159327451186
8.267887,-0.45902159327451186
8.278019,-0.4607669225265046
8.287358,-0.4607669225265046
8.29767,-0.4625122517784973
8.307444,-0.4625122517784973
8.317074,-0.4642575810304901
8.327716,-0.46600291028249075
8.337454,-0.46774823953448347
8.348007,-0.46949356878647625
8.357357,-0.47123889803846897
8.367716,-0.47298422729046175
8.377904,-0.4764748857944551
8.387609,-0.4782202150464479
8.397073,-0.4799655442984406
8.407893,-0.48171087355043335
8.417177,-0.48345620280243407
8.427733,-0.4852015320544268
8.438204,-0.4869468613064195
8.447588,-0.4886921905584123
8.457138,-0.4886921905584123
8.467802,-0.490437519810405
8.498982,-0.49392817831439845
8.507414,-0.49392817831439845
8.517702,-0.49392817831439845
8.527996,-0.49567350756639117
8.537648,-0.49392817831439845
8.547263,-0.49392817831439845
8.557129,-0.49392817831439845
8.56805,-0.49392817831439845
8.577438,-0.49392817831439845
8.587831,-0.49567350756639117
8.597113,-0.49392817831439845
8.607692,-0.49392817831439845
8.627877,-0.49392817831439845
8.638071,-0.49392817831439845
8.647301,-0.49392817831439845
8.657694,-0.49392817831439845
8.667878,-0.49392817831439845
8.677272,-0.49392817831439845
8.687861,-0.49392817831439845
8.697487,-0.49392817831439845
8.707842,-0.49392817831439845
8.717941,-0.49392817831439845
8.727498,-0.49392817831439845
8.737833,-0.49567350756639117
8.747347,-0.49392817831439845
8.757868,-0.49392817831439845
8.767451,-0.49567350756639117
8.777382,-0.49392817831439845
8.787184,-0.49392817831439845
8.797635,-0.49392817831439845
8.807209,-0.49392817831439845
8.817567,-0.49392817831439845
8.827157,-0.49567350756639117
8.837745,-0.49567350756639117
8.847724,-0.49567350756639117
8.857142,-0.49567350756639117
8.867414,-0.49392817831439845
8.877721,-0.49392817831439845
8.888004,-0.49567350756639117
8.897483,-0.49392817831439845
8.908058,-0.49392817831439845
8.917625,-0.49392817831439845
8.927875,-0.49392817831439845
8.937413,-0.49567350756639117
8.947758,-0.49392817831439845
8.957309,-0.49392817831439845
8.967887,-0.49392817831439845
8.977414,-0.49567350756639117
9.017651,-0.49392817831439845
9.027112,-0.49392817831439845
9.037388,-0.49392817831439845
9.047934,-0.49392817831439845
9.05753,-0.49218284906240567
9.067911,-0.49218284906240567
9.077125,-0.49218284906240567
9.087921,-0.49218284906240567
9.097274,-0.49218284906240567
9.107517,-0.490437519810405
9.117054,-0.4886921905584123
9.127622,-0.4886921905584123
9.13727,-0.4869468613064195
9.147825,-0.4869468613064195
9.157182,-0.4852015320544268
9.16798,-0.48345620280243407
9.17724,-0.48345620280243407
9.188201,-0.48171087355043335
9.197252,-0.48171087355043335
9.207853,-0.48171087355043335
9.217143,-0.48171087355043335
9.227295,-0.48171087355043335
9.237665,-0.48171087355043335
9.246944,-0.48171087355043335
9.257206,-0.48171087355043335
9.267796,-0.48171087355043335
9.278936,-0.48171087355043335
9.286945,-0.48171087355043335
9.297167,-0.4799655442984406
9.307513,-0.48171087355043335
9.316906,-0.48171087355043335
9.327625,-0.48171087355043335
9.33712,-0.4799655442984406
9.347576,-0.48171087355043335
9.357137,-0.48171087355043335
9.367813,-0.4799655442984406
9.377292,-0.4799655442984406
9.388156,-0.4799655442984406
9.397118,-0.4799655442984406
9.407628,-0.4799655442984406
9.417201,-0.48171087355043335
9.427779,-0.4799655442984406
9.437792,-0.4799655442984406
9.447348,-0.4799655442984406
9.457715,-0.4799655442984406
9.467028,-0.4799655442984406
9.477589,-0.4799655442984406
9.487018,-0.4782202150464479
9.507827,-0.4764748857944551
9.517332,-0.4747295565424624
9.530732,-0.47298422729046175
9.536994,-0.47123889803846897
9.547548,-0.47123889803846897
9.557109,-0.46949356878647625
9.567607,-0.46949356878647625
9.577388,-0.46774823953448347
9.587797,-0.46774823953448347
9.598049,-0.46774823953448347
9.607236,-0.46774823953448347
9.617409,-0.46774823953448347
9.626915,-0.46774823953448347
9.637421,-0.46600291028249075
9.647005,-0.4642575810304901
9.65716,-0.4625122517784973
9.667408,-0.4607669225265046
9.677838,-0.4572762640225191
9.687104,-0.4555309347705184
9.697406,-0.4502949470145402
9.707034,-0.44680428851054677
9.71758,-0.44331363000656127
9.7278,-0.4398229715025758
9.737673,-0.43458698374658966
9.747571,-0.4293509959906035
9.75686,-0.4241150082346253
9.767369,-0.41713369122664634
9.777019,-0.4118977034706602
9.787825,-0.40491638646268924
9.797362,-0.3996803987067031
9.80778,-0.39269908169872414
9.81717,-0.3874630939427459
9.827601,-0.37873644768277426
9.836851,-0.3717551306747954
9.847412,-0.361283155162831
9.856961,-0.35255650890285933
9.867577,-0.34557519189488045
9.877111,-0.3368485456349088
9.887418,-0.32986722862692985
9.896763,-0.32288591161895097
9.907237,-0.3141592653589793
9.916963,-0.30543261909900765
9.927489,-0.29845130209102877
9.937056,-0.2897246558310571
9.947772,-0.28099800957108545
9.957022,-0.27227136331111385
9.967681,-0.2635447170511422
9.977687,-0.2565634000431712
9.997684,-0.23911010752322792
10.007323,-0.23038346126325626
10.016926,-0.2216568150032846
10.027768,-0.21293016874331297
10.037239,-0.20594885173533406
10.04772,-0.1972222054753624
10.057061,-0.19024088846738352
10.06738,-0.1832595714594046
10.076961,-0.1762782544514257
10.087614,-0.16929693744345473
10.097129,-0.16406094968746857
10.107189,-0.15707963267948966
10.117558,-0.14835298641951802
10.126928,-0.1413716694115391
10.137499,-0.13439035240356814
10.147273,-0.12915436464758198
10.156866,-0.12391837689159581
10.167771,-0.11693705988362484
10.17712,-0.10995574287564594
10.187627,-0.10471975511965978
10.196965,-0.09773843811168087
10.207499,-0.0907571211037099
10.216974,-0.08552113334772374
10.237357,-0.0733038285837666
10.248106,-0.06806784082778045
10.25973,-0.06283185307179427
10.267298,-0.05759586531581605
10.277709,-0.05235987755982989
10.297094,-0.04363323129985824
10.307759,-0.04014257279587275
10.317177,-0.036651914291879334
10.326764,-0.03316125578789385
10.337101,-0.029670597283908366
10.3469,-0.027925268031907684
10.357445,-0.024434609527922202
10.367042,-0.02268928027592946
10.37668,-0.020943951023936716
10.386667,-0.017453292519943295
10.40709,-0.012217304763965068
10.416671,-0.01047197551196439
10.427099,-0.008726646259971648
10.437651,-0.0052359877559861635
10.447369,-0.003490658503993421
10.457064,0.0
10.466699,0.005235987755978226
10.477033,0.008726646259971648
10.487756,0.012217304763957132
10.496882,0.015707963267950553
10.507406,0.01919862177193604
10.51706,0.024434609527922202
10.52688,0.029670597283900427
10.537572,0.03490658503988659
10.547355,0.03839724354387208
10.556783,0.04363323129985824
10.567196,0.04712388980384372
10.576951,0.05061454830783715
10.587476,0.05585053606381537
10.597065,0.061086523819801536
10.606702,0.06632251157577976
10.617149,0.07155849933176592
10.627518,0.07679448708775209
10.63681,0.08028514559173758
10.647585,0.08552113334772374
10.657151,0.08901179185170922
10.666799,0.09424777960769538
10.677109,0.0994837673636736
10.686691,0.10471975511965978
10.69714,0.109955742875638
10.7074,0.11519173063162416
10.716797,0.12217304763960307
10.726804,0.12915436464758198
10.737354,0.1343903524035602
10.747112,0.1413716694115391
10.757177,0.15009831567151075
10.767176,0.1588249619314824
10.777541,0.16755160819145404
10.788579,0.17802358370341845
10.797394,0.18849555921538283
10.806818,0.2007128639793479
10.817455,0.20943951023931956
10.826698,0.21991148575128394
10.83717,0.23212879051524107
10.847485,0.24434609527920614
10.856862,0.2548180707911705
10.86747,0.2670353755551277
10.877006,0.2792526803190927
10.886648,0.2914699850830499
10.897062,0.30368728984701493
10.906673,0.3124139361069866
10.917114,0.32288591161895097
10.926644,0.33335788713091535
10.93697,0.34382986264287974
10.94754,0.3543018381548441
10.957134,0.3630284844148158
10.966859,0.3735004599267881
10.977082,0.38222710618675976
10.987354,0.3892084231947307
10.996657,0.39793506945470236
11.006988,0.406661715714674
11.017491,0.4136430327226529
11.027257,0.42062434973063184
11.036868,0.4276056667386107
11.046643,0.43458698374658966
11.05727,0.4398229715025679
11.066672,0.44331363000656127
11.076999,0.44680428851054677
11.087225,0.4520402762665329
11.096768,0.4555309347705184
11.107289,0.4590215932745039
11.117201,0.4607669225265046
11.127062,0.4625122517784973
11.1374,0.4625122517784973
11.146734,0.4642575810304901
11.157156,0.4642575810304901
11.166687,0.4642575810304901
11.177251,0.4642575810304901
11.186682,0.4642575810304901
11.197118,0.4642575810304901
11.206663,0.4642575810304901
11.217095,0.4642575810304901
11.226616,0.4642575810304901
11.237001,0.4642575810304901
11.247551,0.4660029102824828
11.26661,0.46774823953447553
11.277221,0.47123889803846897
11.286559,0.47298422729046175
11.29707,0.4764748857944472
11.307519,0.4782202150464479
11.317028,0.4799655442984406
11.326629,0.4834562028024261
11.336487,0.4869468613064195
11.346873,0.49218284906239773
11.357144,0.49567350756639117
11.366562,0.49916416607037667
11.377097,0.5026548245743622
11.386646,0.5061454830783556
11.39718,0.5113814708343338
11.406641,0.5148721293383273
11.416963,0.5166174585903199
11.426567,0.5218534463463061
11.436855,0.5235987755982988
11.44713,0.5270894341022844
11.456603,0.5305800926062778
11.467386,0.5340707511102633
11.477076,0.5375614096142487
11.487655,0.5427973973702349
11.497155,0.5462880558742204
11.50667,0.5515240436302066
11.516946,0.555014702134192
11.526528,0.5585053606381855
11.536861,0.5619960191421709
11.54674,0.5672320068981571
11.557078,0.5707226654021426
11.567412,0.574213323906136
11.576696,0.5777039824101214
11.586985,0.581194640914107
11.59727,0.5846852994181004
11.606868,0.5881759579220859
11.616456,0.5934119456780721
11.626589,0.5969026041820575
11.637254,0.600393262686051
11.646796,0.6038839211900364
11.657143,0.6091199089460226
11.666579,0.6126105674500081
11.677058,0.6178465552059943
11.686672,0.6230825429619725
11.697316,0.6265732014659658
11.706573,0.6300638599699514
11.716944,0.6335545184739368
11.727161,0.6370451769779303
11.736959,0.6405358354819157
11.746542,0.6422811647339085
11.75712,0.6440264939859092
11.766788,0.6457718232379019
11.777101,0.6457718232379019
11.78719,0.6475171524898947
11.796518,0.6492624817418874
11.806983,0.6492624817418874
11.816382,0.6492624817418874
11.827039,0.6492624817418874
11.836603,0.6492624817418874
11.846614,0.6492624817418874
11.857107,0.6492624817418874
11.866464,0.6492624817418874
11.876707,0.6492624817418874
11.886979,0.6492624817418874
11.896495,0.6492624817418874
11.907107,0.6492624817418874
11.91686,0.6492624817418874
11.926604,0.6492624817418874
11.936982,0.6492624817418874
11.946437,0.6492624817418874
11.957013,0.6492624817418874
11.966448,0.6492624817418874
11.976899,0.6492624817418874
11.986594,0.6492624817418874
11.997138,0.6492624817418874
12.00632,0.6492624817418874
12.01658,0.6492624817418874
12.026819,0.6492624817418874
12.036345,0.6492624817418874
12.047021,0.6492624817418874
12.056577,0.6492624817418874
12.066579,0.6492624817418874
12.077042,0.6510078109938802
12.086399,0.6492624817418874
12.096669,0.6492624817418874
12.106332,0.6492624817418874
12.116953,0.6492624817418874
12.126659,0.6492624817418874
12.146576,0.6510078109938802
12.157017,0.6492624817418874
12.166556,0.6492624817418874
12.17677,0.6492624817418874
12.186568,0.6492624817418874
12.197115,0.6492624817418874
12.206777,0.6492624817418874
12.217041,0.6492624817418874
12.226572,0.6492624817418874
12.23688,0.6492624817418874
12.247244,0.6492624817418874
12.256901,0.6492624817418874
12.266459,0.6492624817418874
12.277109,0.6492624817418874
12.286571,0.6492624817418874
12.296367,0.6510078109938802
12.306903,0.6492624817418874
12.316149,0.6492624817418874
12.327619,0.6492624817418874
12.336283,0.6492624817418874
12.346882,0.6492624817418874
12.357086,0.6510078109938802
12.366579,0.6492624817418874
12.377069,0.6492624817418874
12.38635,0.6475171524898947
12.396579,0.6457718232379019
12.407198,0.6440264939859092
12.416795,0.6422811647339085
12.426506,0.6387905062299231
12.436207,0.6370451769779303
12.446987,0.6335545184739368
12.456262,0.6300638599699514
12.466561,0.6265732014659658
12.476216,0.6230825429619725
12.486966,0.619591884457987
12.496472,0.6143558967020009
12.506693,0.6108652381980153
12.516453,0.6073745796940219
12.526928,0.600393262686051
12.536232,0.5969026041820575
12.546637,0.5899212871740787
12.556208,0.5846852994181004
12.566798,0.5794493116621142
12.57713,0.5724679946541353
12.596861,0.5602506898901782
12.607135,0.5532693728821992
12.616489,0.5445427266222277
12.636458,0.5270894341022844
12.646156,0.5166174585903199
12.657087,0.5061454830783556
12.666445,0.49567350756639117
12.676887,0.4869468613064195
12.687169,0.4782202150464479
12.696661,0.46774823953447553
12.706327,0.4555309347705184
12.71713,0.44505895925855404
12.736985,0.42236967898262456
12.746516,0.4084070449666747
12.756989,0.39618974020270964
12.766454,0.38571776469074526
12.776987,0.37175513067478744
12.786647,0.3595378259108303
12.797068,0.3473205211468732
12.80677,0.33684854563490085
12.817026,0.32637657012293647
12.826632,0.3141592653589793
12.836855,0.30368728984701493
12.846419,0.29496064358704327
12.857099,0.28448866807507095
12.866552,0.2757620218150993
12.876054,0.2670353755551277
12.886699,0.258308729295156
12.896962,0.251327412287185
12.906321,0.24434609527920614
12.91694,0.23911010752321998
12.926622,0.23561944901923448
12.936243,0.23212879051524107
12.946563,0.22689280275926285
12.956858,0.2234021442552694
12.966228,0.2181661564992912
12.976431,0.21467549799529778
12.986426,0.20943951023931956
13.006592,0.20245819323134065
13.017149,0.19896753472735515
13.026263,0.19547687622336174
13.036423,0.19024088846738352
13.046881,0.18500490071139736
13.056369,0.17976891295541117
13.066942,0.17453292519943295
13.076527,0.16755160819145404
13.086495,0.16057029118347516
13.097048,0.15358897417549625
13.10657,0.15009831567151075
13.116875,0.14311699866353184
13.126318,0.13613568165555295
13.136789,0.12915436464758198
13.146816,0.12391837689159581
13.156539,0.11868238913560965
13.166512,0.11344640137963143
13.176787,0.10821041362364525
13.186187,0.10471975511965978
13.196457,0.0994837673636736
13.206428,0.09599310885968812
13.216974,0.09250245035569471
13.226613,0.09075712110370196
13.237049,0.08726646259971647
13.246672,0.08726646259971647
13.257022,0.08552113334772374
13.266347,0.08552113334772374
13.28657,0.08552113334772374
13.296107,0.08552113334772374
13.30649,0.08552113334772374
13.31599,0.08552113334772374
13.326801,0.08552113334772374
13.336163,0.08377580409572305
13.346547,0.08552113334772374
13.356085,0.08377580409572305
13.36684,0.08377580409572305
13.376507,0.08377580409572305
13.386774,0.08203047484373031
13.396891,0.08028514559173758
13.406277,0.08028514559173758
13.416523,0.08028514559173758
13.426293,0.07853981633974483
13.436816,0.07679448708775209
13.446495,0.07679448708775209
13.466709,0.0750491578357514
13.476053,0.07330382858375867
13.486407,0.07155849933176592
13.496857,0.07155849933176592
13.506817,0.07155849933176592
13.516471,0.06981317007977318
13.526544,0.06981317007977318
13.536038,0.06806784082778045
13.54643,0.06806784082778045
13.556594,0.06632251157577976
13.566213,0.06632251157577976
13.576709,0.06457718232378702
13.586408,0.06283185307179427
13.595977,0.061086523819801536
13.606529,0.061086523819801536
13.615968,0.05934119456780879
13.626268,0.05934119456780879
13.636637,0.05934119456780879
13.646077,0.05934119456780879
13.656642,0.05759586531580811
13.666779,0.05759586531580811
13.675949,0.05759586531580811
13.686784,0.05759586531580811
13.696162,0.05759586531580811
13.706919,0.05585053606381537
13.716432,0.05585053606381537
13.72693,0.054105206811822626
13.736613,0.054105206811822626
13.746516,0.054105206811822626
13.756012,0.05235987755982989
13.766693,0.05061454830783715
13.776033,0.05061454830783715
13.786335,0.048869219055836466
13.796752,0.04712388980384372
13.80635,0.04537856055185098
13.815993,0.041887902047865494
13.826496,0.041887902047865494
13.836026,0.041887902047865494
13.846343,0.04014257279586482
13.857235,0.04014257279586482
13.866253,0.04014257279586482
13.876735,0.04014257279586482
13.895942,0.04014257279586482
13.905848,0.04014257279586482
13.916199,0.04014257279586482
13.92649,0.03839724354387208
13.936892,0.03839724354387208
13.946514,0.03839724354387208
13.956121,0.04014257279586482
13.966543,0.03839724354387208
13.976,0.04014257279586482
13.986484,0.03839724354387208
13.996855,0.03839724354387208
14.006306,0.03839724354387208
14.016754,0.03839724354387208
14.02646,0.03839724354387208
14.035935,0.03839724354387208
14.046498,0.03839724354387208
14.056122,0.04014257279586482
14.06646,0.04014257279586482
14.076816,0.03839724354387208
14.086243,0.04014257279586482
14.096787,0.04014257279586482
14.105886,0.04014257279586482
14.115973,0.03839724354387208
14.12594,0.03839724354387208
14.136274,0.03839724354387208
14.145778,0.03839724354387208
14.156215,0.03839724354387208
14.165802,0.03839724354387208
14.17639,0.03839724354387208
14.186458,0.03839724354387208
14.19599,0.03839724354387208
14.206336,0.03839724354387208
14.216618,0.03839724354387208
14.226254,0.04014257279586482
14.235757,0.03839724354387208
14.266479,0.03839724354387208
14.276107,0.03839724354387208
14.286641,0.03839724354387208
14.296173,0.04014257279586482
14.30574,0.03839724354387208
14.316366,0.03839724354387208
14.32594,0.03839724354387208
14.335986,0.03839724354387208
14.346031,0.03839724354387208
14.356393,0.03839724354387208
14.365767,0.03839724354387208
14.376138,0.04014257279586482
14.386951,0.03839724354387208
14.396262,0.04014257279586482
14.40647,0.03839724354387208
14.416,0.03839724354387208
14.426557,0.04014257279586482
14.435811,0.04014257279586482
14.446278,0.04014257279586482
14.455762,0.041887902047865494
14.466594,0.041887902047865494
14.47596,0.04363323129985824
14.486478,0.04363323129985824
14.496057,0.04537856055185098
14.50661,0.04537856055185098
14.516013,0.04712388980384372
14.526512,0.048869219055836466
14.535897,0.05061454830783715
14.546865,0.05235987755982989
14.555912,0.054105206811822626
14.56609,0.05585053606381537
14.576478,0.05585053606381537
14.586299,0.05759586531580811
14.596181,0.05934119456780879
14.605685,0.061086523819801536
14.616303,0.06457718232378702
14.626467,0.06632251157577976
14.63602,0.06981317007977318
14.64654,0.07155849933176592
14.655943,0.07330382858375867
14.666452,0.07679448708775209
14.67592,0.08028514559173758
14.686434,0.08377580409572305
14.696026,0.08552113334772374
14.706459,0.08901179185170922
14.716071,0.09075712110370196
14.727036,0.09424777960769538
14.746604,0.10122909661566636
14.756128,0.10297442586766703
14.765809,0.10646508437165252
14.775948,0.11170107212763868
14.786174,0.11344640137963143
14.796498,0.11693705988361691
14.806059,0.12042771838761032
14.816385,0.12391837689159581
14.825946,0.1274090353955813
14.836548,0.12915436464758198
14.846618,0.1308996938995747
14.855939,0.1343903524035602
14.866647,0.13613568165555295
14.875967,0.13788101090755361
14.886271,0.13962634015954636
14.895693,0.1413716694115391
14.90636,0.14486232791552459
14.915949,0.14660765716752527
14.9265,0.14835298641951802
14.936143,0.15009831567151075
14.945891,0.1518436449235035
14.95623,0.15358897417549625
14.965851,0.15358897417549625
14.976511,0.1553343034274969
14.987854,0.1553343034274969
14.995919,0.15707963267948966
15.016547,0.15707963267948966
15.025985,0.15707963267948966
15.036412,0.1588249619314824
15.04589,0.1588249619314824
15.055509,0.15707963267948966
15.066545,0.15707963267948966
15.076402,0.1588249619314824
15.086626,0.1588249619314824
15.095962,0.1588249619314824
15.106345,0.15707963267948966
15.115857,0.15707963267948966
15.125684,0.1553343034274969
15.135979,0.15358897417549625
15.146415,0.1518436449235035
15.155988,0.15009831567151075
15.16547,0.14835298641951802
15.175823,0.14486232791552459
15.186234,0.1413716694115391
15.195803,0.13788101090755361
15.205379,0.1343903524035602
15.216003,0.1308996938995747
15.226289,0.1274090353955813
15.236562,0.12391837689159581
15.246081,0.11868238913560965
15.256367,0.11519173063162416
15.265889,0.11170107212763868
15.276552,0.10821041362364525
15.286363,0.10471975511965978
15.296289,0.10122909661566636
15.305644,0.0994837673636736
15.315944,0.09599310885968812
15.325712,0.09424777960769538
15.33637,0.09250245035569471
15.345915,0.09075712110370196
15.355497,0.08901179185170922
15.366346,0.08901179185170922
15.37599,0.08901179185170922
15.385752,0.08901179185170922
15.396135,0.08901179185170922
15.405659,0.08901179185170922
15.416197,0.08901179185170922
15.426297,0.08901179185170922
15.435914,0.08901179185170922
15.446319,0.09075712110370196
15.455691,0.09075712110370196
15.466036,0.09075712110370196
15.476355,0.09075712110370196
15.486156,0.09250245035569471
15.495778,0.09250245035569471
15.506288,0.09250245035569471
15.515674,0.09250245035569471
15.526211,0.09424777960769538
15.535498,0.09424777960769538
15.545783,0.09599310885968812
15.555495,0.09599310885968812
15.566048,0.0994837673636736
15.575978,0.0994837673636736
15.586269,0.10122909661566636
15.595805,0.10297442586766703
15.606053,0.10471975511965978
15.616452,0.10646508437165252
15.626276,0.109955742875638
15.635873,0.11344640137963143
15.645391,0.11519173063162416
15.655939,0.11868238913560965
15.665773,0.12217304763960307
15.676758,0.12566370614358854
15.685353,0.1274090353955813
15.696447,0.13264502315156745
15.705504,0.13613568165555295
15.727065,0.14311699866353184
15.74573,0.14835298641951802
15.756208,0.15009831567151075
15.785643,0.1553343034274969
15.806218,0.15707963267948966
15.815877,0.15707963267948966
15.826197,0.15707963267948966
15.835568,0.15707963267948966
15.875921,0.15707963267948966
15.885813,0.15707963267948966
15.896167,0.15707963267948966
15.90547,0.15707963267948966
15.916083,0.15707963267948966
15.925596,0.15707963267948966
15.936235,0.15707963267948966
15.946191,0.15707963267948966
15.955966,0.15707963267948966
15.965283,0.15707963267948966
15.975928,0.15707963267948966
15.986135,0.15707963267948966
15.995725,0.15707963267948966
16.006357,0.15707963267948966
16.015981,0.15707963267948966
16.026189,0.15707963267948966
16.035728,0.15707963267948966
16.045197,0.15707963267948966
16.055528,0.15707963267948966
16.066012,0.15707963267948966
16.075561,0.15707963267948966
16.086168,0.15707963267948966
16.095888,0.15707963267948966
16.105908,0.15707963267948966
16.116337,0.15707963267948966
16.125568,0.15707963267948966
16.13606,0.15707963267948966
16.145607,0.15707963267948966
16.156304,0.15707963267948966
16.16613,0.15707963267948966
16.175539,0.15707963267948966
16.186103,0.15707963267948966
16.195544,0.15707963267948966
16.20523,0.15707963267948966
16.215811,0.15707963267948966
16.225331,0.15707963267948966
16.235963,0.15707963267948966
16.246132,0.15707963267948966
16.255776,0.1553343034274969
16.265272,0.1553343034274969
16.275758,0.1553343034274969
16.285233,0.1553343034274969
16.295905,0.1553343034274969
16.3055,0.1553343034274969
16.316444,0.1553343034274969
16.32576,0.1553343034274969
16.336033,0.1553343034274969
16.345323,0.1553343034274969
16.356069,0.1553343034274969
16.365429,0.1553343034274969
16.376101,0.1553343034274969
16.386113,0.1553343034274969
16.395661,0.1553343034274969
16.40591,0.1553343034274969
16.415459,0.1553343034274969
16.425218,0.1553343034274969
16.435774,0.1553343034274969
16.445338,0.1553343034274969
16.455893,0.1553343034274969
16.465627,0.1553343034274969
16.475987,0.1553343034274969
16.485514,0.1553343034274969
16.505197,0.15707963267948966
16.526061,0.15707963267948966
16.535934,0.15707963267948966
16.545581,0.1588249619314824
16.555954,0.1588249619314824
16.566346,0.16057029118347516
16.575354,0.16057029118347516
16.585767,0.16057029118347516
16.596604,0.16231562043546788
16.615324,0.16406094968746857
16.625079,0.16755160819145404
16.635667,0.16755160819145404
16.645158,0.1692969374434468
16.655741,0.1692969374434468
16.665302,0.17104226669543954
16.675954,0.17278759594744023
16.685685,0.17453292519943295
16.705579,0.1762782544514257
16.716053,0.1762782544514257
16.725508,0.17802358370341845
16.736107,0.18151424220741186
16.746005,0.18500490071139736
16.755946,0.18675022996339008
16.76585,0.18675022996339008
16.775225,0.18849555921538283
16.785599,0.19024088846738352
16.796007,0.193731546971369
16.805577,0.19547687622336174
16.816128,0.19896753472735515
16.825983,0.2007128639793479
16.835424,0.2007128639793479
16.845786,0.2007128639793479
16.856074,0.20245819323134065
16.865655,0.20245819323134065
16.87536,0.20245819323134065
16.885753,0.20420352248333337
16.895954,0.20420352248333337
16.904987,0.20420352248333337
16.915353,0.20420352248333337
16.925702,0.20245819323134065
16.936034,0.20420352248333337
16.945553,0.20245819323134065
16.956126,0.20420352248333337
16.965972,0.20594885173532612
16.975967,0.2076941809873268
16.985987,0.20943951023931956
17.005888,0.21293016874330503
17.015406,0.21642082724729844
17.025931,0.21991148575128394
17.035507,0.2234021442552694
17.04592,0.22689280275926285
17.055514,0.23212879051524107
17.065243,0.23736477827122723
17.075656,0.23911010752321998
17.085148,0.2426007660272134
17.095733,0.24783675378319162
17.105351,0.251327412287185
17.116238,0.2548180707911705
17.125048,0.2600540585471567
17.135454,0.2635447170511422
17.145678,0.2652900463031349
17.156129,0.26878070480712835
17.165645,0.27052603405912107
17.175294,0.2757620218150993
17.185884,0.2792526803190927
17.195903,0.28099800957108545
17.205506,0.2862339973270716
17.21594,0.2897246558310571
17.22545,0.2932153143350426
17.236093,0.29845130209102877
17.245752,0.3001966313430215
17.255902,0.30543261909900765
17.265881,0.30892327760299315
17.275457,0.3124139361069866
17.285254,0.31590459461097203
17.295636,0.32114058236695825
17.305187,0.3246312408709437
17.315825,0.32637657012293647
17.325866,0.32986722862692985
17.335866,0.33335788713091535
17.344877,0.3351032163829081
17.35521,0.33684854563490085
17.364967,0.34033920413889424
17.375468,0.34033920413889424
17.384975,0.342084533390887
17.395846,0.34382986264287974
17.405855,0.34382986264287974
17.414917,0.34382986264287974
17.425235,0.34382986264287974
17.435767,0.342084533390887
17.445162,0.34382986264287974
17.455694,0.34382986264287974
17.465756,0.34382986264287974
17.475844,0.34382986264287974
17.485829,0.34382986264287974
17.495611,0.34382986264287974
17.505133,0.34382986264287974
17.515544,0.34382986264287974
17.52526,0.34382986264287974
17.535665,0.34382986264287974
17.545805,0.34382986264287974
17.555814,0.34382986264287974
17.565395,0.342084533390887
17.575701,0.34382986264287974
17.584946,0.342084533390887
17.595475,0.34382986264287974
17.604974,0.34382986264287974
17.61566,0.342084533390887
17.625776,0.342084533390887
17.635733,0.342084533390887
17.645068,0.342084533390887
17.655622,0.342084533390887
17.664869,0.342084533390887
17.675433,0.342084533390887
17.685478,0.34033920413889424
17.695771,0.34033920413889424
17.705501,0.34033920413889424
17.714872,0.34033920413889424
17.725587,0.3385938748869015
17.734853,0.3385938748869015
17.745652,0.33684854563490085
17.755083,0.3351032163829081
17.765755,0.33335788713091535
17.775751,0.33161255787892263
17.78548,0.32986722862692985
17.794789,0.32986722862692985
17.805548,0.32637657012293647
17.814893,0.3246312408709437
17.825525,0.32114058236695825
17.835122,0.31939525311495753
17.845743,0.31590459461097203
17.855531,0.3124139361069866
17.865095,0.30892327760299315
17.875618,0.30368728984701493
17.88485,0.29845130209102877
17.895505,0.2932153143350426
17.905025,0.2897246558310571
17.915725,0.28448866807507095
17.925053,0.2792526803190927
17.93542,0.27401669256310657
17.945668,0.26878070480712835
17.955145,0.2635447170511422
17.96568,0.258308729295156
17.975277,0.251327412287185
18.005277,0.23038346126324832
18.015638,0.2234021442552694
18.025128,0.21467549799529778
18.035505,0.20943951023931956
18.045261,0.20245819323134065
18.054867,0.193731546971369
18.06567,0.18675022996339008
18.075335,0.17802358370341845
18.084701,0.17104226669543954
18.095013,0.16406094968746857
18.104734,0.15707963267948966
18.115442,0.14835298641951802
18.124844,0.1413716694115391
18.135676,0.1343903524035602
18.14518,0.12566370614358854
18.155455,0.11868238913560965
18.164996,0.11170107212763868
18.175504,0.10471975511965978
18.185142,0.0994837673636736
18.194688,0.09250245035569471
18.205641,0.08726646259971647
18.21566,0.08028514559173758
18.225324,0.0750491578357514
18.235667,0.06981317007977318
18.245132,0.06806784082778045
18.255613,0.06457718232378702
18.265149,0.06457718232378702
18.274648,0.06283185307179427
18.284702,0.061086523819801536
18.294826,0.061086523819801536
18.305656,0.05934119456780879
18.314936,0.05759586531580811
18.324649,0.05759586531580811
18.335192,0.05759586531580811
18.345284,0.05759586531580811
18.355608,0.054105206811822626
18.365356,0.054105206811822626
18.374634,0.05235987755982989
18.384922,0.05061454830783715
18.395291,0.04537856055185098
18.405258,0.041887902047865494
18.414832,0.036651914291879334
18.425584,0.03141592653589317
18.435594,0.026179938779914945
18.445429,0.01919862177193604
18.454801,0.01047197551196439
18.4654,0.003490658503985484
18.47487,-0.003490658503993421
18.485482,-0.01047197551196439
18.494996,-0.01919862177193604
18.505594,-0.029670597283908366
18.515453,-0.036651914291879334
18.524752,-0.04537856055185098
18.535009,-0.054105206811822626
18.545499,-0.06283185307179427
18.555025,-0.07155849933176592
18.565026,-0.08028514559173758
18.575607,-0.08726646259971647
18.585268,-0.09250245035570263
18.594653,-0.09773843811168087
18.604965,-0.1012290966156743
18.615511,-0.10646508437165252
18.625278,-0.10821041362365319
18.634805,-0.11170107212763868
18.645551,-0.11170107212763868
18.654763,-0.11344640137963143
18.665347,-0.11344640137963143
18.674641,-0.11344640137963143
18.685155,-0.11344640137963143
18.694818,-0.11519173063162416
18.705285,-0.11519173063162416
18.715552,-0.11519173063162416
18.725529,-0.11519173063162416
18.735452,-0.11519173063162416
18.744774,-0.11519173063162416
18.755372,-0.11519173063162416
18.764713,-0.11519173063162416
18.775316,-0.11519173063162416
18.785043,-0.11693705988362484
18.794905,-0.11519173063162416
18.805056,-0.11519173063162416
18.815436,-0.11519173063162416
18.825243,-0.11519173063162416
18.835594,-0.11519173063162416
18.845275,-0.11519173063162416
18.854676,-0.11519173063162416
18.865493,-0.11519173063162416
18.874624,-0.11519173063162416
18.885392,-0.11519173063162416
18.894739,-0.11519173063162416
18.905011,-0.11693705988362484
18.915512,-0.11519173063162416
18.925467,-0.11693705988362484
18.93548,-0.11693705988362484
18.945485,-0.11693705988362484
18.95453,-0.11693705988362484
18.965325,-0.11693705988362484
18.9746,-0.11693705988362484
18.985033,-0.11868238913561759
18.994592,-0.11868238913561759
19.005163,-0.12042771838761032
19.015459,-0.12042771838761032
19.025426,-0.12217304763960307
19.034723,-0.12391837689159581
19.045266,-0.12566370614359648
19.054575,-0.12915436464758198
19.065348,-0.1308996938995747
19.075097,-0.13439035240356814
19.084753,-0.13788101090755361
19.095453,-0.1413716694115391
19.104979,-0.14311699866353977
19.115328,-0.14660765716752527
19.124881,-0.15184364492351143
19.145159,-0.1588249619314824
19.154702,-0.16406094968746857
19.165413,-0.16755160819145404
19.174591,-0.17278759594744023
19.184949,-0.17802358370342639
19.195294,-0.18151424220741186
19.204926,-0.18500490071139736
19.21448,-0.18849555921539077
19.225113,-0.193731546971369
19.235398,-0.1972222054753624
19.244489,-0.20245819323134065
19.254786,-0.20594885173533406
19.265119,-0.21293016874331297
19.274695,-0.21642082724729844
19.285186,-0.2216568150032846
19.29479,-0.22689280275926285
19.305378,-0.232128790515249
19.314912,-0.23736477827122723
19.32482,-0.2426007660272134
19.335156,-0.24783675378319955
19.34479,-0.2530727415391778
19.355427,-0.2600540585471567
19.365094,-0.26529004630314285
19.375365,-0.27227136331111385
19.384763,-0.28099800957108545
19.395996,-0.2897246558310571
19.405225,-0.29845130209102877
19.414549,-0.30717794835100043
19.425682,-0.31764992386297275
19.434627,-0.32812189937493713
19.44536,-0.3368485456349088
19.455332,-0.3490658503988659
19.464719,-0.361283155162831
19.475106,-0.3735004599267881
19.484478,-0.3839724354387525
19.495058,-0.3979350694547103
19.504588,-0.41015237421866746
